     shots,    errors,  discards, seconds,decoder,strong_id,json_metadata,custom_counts
  41694190,    173326,         0,  1292.9,sparse_blossom_correlated,6af4fc800146bff0f8a1144a72037553b18f6cdc99820dd282f4e9593e440301,"{""b"":""magic"",""c"":""memory"",""collect"":""bias"",""d"":5,""gateset"":""cz"",""noise"":""si1000"",""p"":0.001,""patches"":1,""q"":50,""r"":20,""yokes"":0}","{""obs_mistake_mask=EE"":1063,""obs_mistake_mask=E_"":86367,""obs_mistake_mask=_E"":85896}"
  19048439,    160282,         0,   176.7,pymatching,77011c650ade11f795243cc9aacf762fa78d6de2e6ae4f81d4406787b01f5b40,"{""b"":""magic"",""c"":""memory"",""collect"":""bias"",""d"":5,""gateset"":""cz"",""noise"":""si1000"",""p"":0.001,""patches"":1,""q"":50,""r"":20,""yokes"":0}","{""obs_mistake_mask=EE"":1005,""obs_mistake_mask=E_"":79571,""obs_mistake_mask=_E"":79706}"
  15383627,    140040,         0,    78.3,fizzle_uncorrelated,ed43b492829ba2bcd50152de57ae5e2496f045bc1540ef92153bc317497bd58d,"{""b"":""magic"",""c"":""memory"",""collect"":""bias"",""d"":5,""gateset"":""cz"",""noise"":""si1000"",""p"":0.001,""patches"":1,""q"":50,""r"":20,""yokes"":0}","{""obs_mistake_mask=EE"":1002,""obs_mistake_mask=E_"":69133,""obs_mistake_mask=_E"":69905}"
1000000000,     98053,         0,261890.4,sparse_blossom_correlated,ebed22f8e04a76e1bdc57bbe1e574a7f5902fe0a683f11286f054e1577c9b151,"{""b"":""magic"",""c"":""memory"",""collect"":""bias"",""d"":9,""gateset"":""cz"",""noise"":""si1000"",""p"":0.001,""patches"":1,""q"":162,""r"":36,""yokes"":0}","{""obs_mistake_mask=EE"":25,""obs_mistake_mask=E_"":49475,""obs_mistake_mask=_E"":48553}"
1000000000,    620850,         0, 30132.8,fizzle_uncorrelated,227dc10cf96a3dff0cd009a307b38f1858f265bb43c7bf05599ae193dcccf98f,"{""b"":""magic"",""c"":""memory"",""collect"":""bias"",""d"":9,""gateset"":""cz"",""noise"":""si1000"",""p"":0.001,""patches"":1,""q"":162,""r"":36,""yokes"":0}","{""obs_mistake_mask=EE"":270,""obs_mistake_mask=E_"":310916,""obs_mistake_mask=_E"":309664}"
1000000000,    516189,         0, 59695.2,pymatching,68e05c3fac396e5fd97e8f9301d16559a0242b2f459274ef57355d3c6c95c2d0,"{""b"":""magic"",""c"":""memory"",""collect"":""bias"",""d"":9,""gateset"":""cz"",""noise"":""si1000"",""p"":0.001,""patches"":1,""q"":162,""r"":36,""yokes"":0}","{""obs_mistake_mask=EE"":162,""obs_mistake_mask=E_"":257868,""obs_mistake_mask=_E"":258159}"
1000000000,      1766,         0,966789.3,sparse_blossom_correlated,110c0bb0f119c4523d28da89aad1c377e52b6bb187d25d2d36a706491d0c6889,"{""b"":""magic"",""c"":""memory"",""collect"":""bias"",""d"":13,""gateset"":""cz"",""noise"":""si1000"",""p"":0.001,""patches"":1,""q"":338,""r"":52,""yokes"":0}","{""obs_mistake_mask=E_"":895,""obs_mistake_mask=_E"":871}"
1000000000,     23357,         0,300130.7,pymatching,84efffc8a14ea259ffa96077f54cdc0879b4814dc0009631b547a2db37ade99c,"{""b"":""magic"",""c"":""memory"",""collect"":""bias"",""d"":13,""gateset"":""cz"",""noise"":""si1000"",""p"":0.001,""patches"":1,""q"":338,""r"":52,""yokes"":0}","{""obs_mistake_mask=E_"":11753,""obs_mistake_mask=_E"":11604}"
1000000000,     31650,         0,170511.4,fizzle_uncorrelated,717d9ec52281ad726186dd861f82af5273f33552ccc1b63c723cd15f3d783002,"{""b"":""magic"",""c"":""memory"",""collect"":""bias"",""d"":13,""gateset"":""cz"",""noise"":""si1000"",""p"":0.001,""patches"":1,""q"":338,""r"":52,""yokes"":0}","{""obs_mistake_mask=EE"":1,""obs_mistake_mask=E_"":15863,""obs_mistake_mask=_E"":15786}"
1000000000,       870,         0,1039338.1,pymatching,5ff4a77104166ffd5d8609142a326020115b74c0dabf74455c5e426d382d593f,"{""b"":""magic"",""c"":""memory"",""collect"":""bias"",""d"":17,""gateset"":""cz"",""noise"":""si1000"",""p"":0.001,""patches"":1,""q"":578,""r"":68,""yokes"":0}","{""obs_mistake_mask=E_"":432,""obs_mistake_mask=_E"":438}"
1000000000,        23,         0,3506399.7,sparse_blossom_correlated,d1b3dbc349f525bc4ff8298ba080bc89b2e6c18876f23ce833ebca26c35884ba,"{""b"":""magic"",""c"":""memory"",""collect"":""bias"",""d"":17,""gateset"":""cz"",""noise"":""si1000"",""p"":0.001,""patches"":1,""q"":578,""r"":68,""yokes"":0}","{""obs_mistake_mask=E_"":8,""obs_mistake_mask=_E"":15}"
1000000000,      1424,         0,582900.9,fizzle_uncorrelated,11619ecd5ad5fdd7930bd295f36e5e57813b4737c64bf270b22560c2040e707c,"{""b"":""magic"",""c"":""memory"",""collect"":""bias"",""d"":17,""gateset"":""cz"",""noise"":""si1000"",""p"":0.001,""patches"":1,""q"":578,""r"":68,""yokes"":0}","{""obs_mistake_mask=E_"":730,""obs_mistake_mask=_E"":694}"
1000000000,    338148,         0,224890.0,pymatching,3b825a93cd29e73fa30fe0da0c3ab9e3a711a11b2a5b4c780f0e5089de2b3b6a,"{""b"":""magic"",""c"":""memory"",""collect"":""gap"",""d"":5,""gateset"":""cz"",""noise"":""si1000"",""p"":0.001,""patches"":1,""q"":50,""r"":20,""yokes"":1}","{""C-1"":865379,""C-10"":344271,""C-11"":284836,""C-12"":206479,""C-13"":214138,""C-14"":200176,""C-15"":228804,""C-16"":219399,""C-17"":163104,""C-18"":129801,""C-19"":140872,""C-2"":628081,""C-20"":143516,""C-21"":87424,""C-22"":120604,""C-23"":92721,""C-24"":87890,""C-25"":75203,""C-26"":54467,""C-27"":32327,""C-28"":30666,""C-29"":27563,""C-3"":671534,""C-30"":35091,""C-31"":15648,""C-32"":23075,""C-33"":11206,""C-34"":7732,""C-35"":12209,""C-36"":9495,""C-37"":8888,""C-38"":4758,""C-39"":2832,""C-4"":680506,""C-40"":6199,""C-41"":2790,""C-42"":3266,""C-43"":2907,""C-44"":1814,""C-45"":1592,""C-46"":1350,""C-47"":661,""C-48"":953,""C-49"":816,""C-5"":605119,""C-50"":803,""C-51"":338,""C-52"":292,""C-53"":298,""C-54"":263,""C-55"":189,""C-56"":306,""C-57"":60,""C-58"":43,""C-59"":57,""C-6"":413804,""C-60"":35,""C-61"":162,""C-62"":29,""C-63"":58,""C-64"":29,""C-65"":13,""C-66"":6,""C-67"":1,""C-68"":2,""C-69"":1,""C-7"":366441,""C-70"":1,""C-8"":296336,""C-9"":399885,""C0"":881197,""C1"":1186295,""C10"":2777386,""C101"":4642,""C109"":603291,""C11"":3278322,""C12"":2440047,""C13"":3548356,""C14"":3658785,""C15"":6106570,""C16"":6603375,""C17"":5986368,""C18"":5774895,""C19"":7363237,""C2"":924129,""C20"":10151279,""C21"":7053193,""C22"":11969448,""C23"":11446119,""C24"":12346395,""C25"":13620451,""C26"":11179653,""C27"":9207461,""C28"":12067713,""C29"":11395199,""C3"":1448556,""C30"":15528154,""C31"":9263617,""C32"":14741549,""C33"":9749909,""C34"":10364707,""C35"":16196995,""C36"":15829566,""C37"":11142729,""C38"":10610663,""C39"":9909458,""C4"":1463815,""C40"":20550479,""C41"":15435166,""C42"":21197031,""C43"":27221938,""C44"":18870105,""C45"":21929147,""C46"":17713519,""C47"":13528948,""C48"":20134456,""C49"":30414852,""C5"":1574825,""C50"":25942751,""C51"":12720925,""C52"":14254393,""C53"":19653407,""C54"":22102683,""C55"":22753049,""C56"":53345715,""C57"":8630856,""C58"":13448729,""C59"":14887638,""C6"":1502043,""C60"":7962081,""C61"":75043513,""C62"":19522157,""C63"":37162782,""C64"":49142551,""C65"":17704741,""C66"":13443664,""C67"":4932457,""C68"":6205858,""C69"":9347653,""C7"":1486743,""C70"":9143323,""C71"":5287172,""C72"":2703681,""C73"":1252735,""C74"":579617,""C75"":500048,""C76"":887828,""C77"":412977,""C78"":628456,""C79"":426782,""C8"":1756717,""C80"":203659,""C81"":124036,""C82"":120282,""C83"":133193,""C84"":42069,""C85"":26541,""C86"":477302,""C87"":53347,""C88"":6244998,""C89"":7380045,""C9"":3107069,""C90"":780434,""C91"":1004210,""C92"":237464,""C93"":182507,""C94"":198379,""C95"":70397,""C96"":5615,""C97"":108646,""C98"":14328,""C99"":10002,""E-1"":11908,""E-10"":11027,""E-11"":11243,""E-12"":7911,""E-13"":9534,""E-14"":9132,""E-15"":12739,""E-16"":12186,""E-17"":9992,""E-18"":9641,""E-19"":10427,""E-2"":8640,""E-20"":12044,""E-21"":6670,""E-22"":9743,""E-23"":7877,""E-24"":7363,""E-25"":6494,""E-26"":4324,""E-27"":3251,""E-28"":3251,""E-29"":2997,""E-3"":11019,""E-30"":3378,""E-31"":1720,""E-32"":2320,""E-33"":1353,""E-34"":1162,""E-35"":1500,""E-36"":1353,""E-37"":954,""E-38"":680,""E-39"":604,""E-4"":10526,""E-40"":822,""E-41"":661,""E-42"":674,""E-43"":702,""E-44"":411,""E-45"":476,""E-46"":277,""E-47"":172,""E-48"":214,""E-49"":273,""E-5"":10018,""E-50"":175,""E-51"":93,""E-52"":79,""E-53"":108,""E-54"":99,""E-55"":84,""E-56"":124,""E-57"":31,""E-58"":25,""E-59"":24,""E-6"":8663,""E-60"":24,""E-61"":90,""E-62"":25,""E-63"":35,""E-64"":42,""E-65"":7,""E-66"":4,""E-68"":1,""E-7"":8348,""E-8"":8481,""E-9"":13139,""E0"":9064,""E1"":9589,""E10"":1738,""E11"":1272,""E12"":868,""E13"":879,""E14"":785,""E15"":670,""E16"":577,""E17"":426,""E18"":310,""E19"":297,""E2"":6148,""E20"":272,""E21"":148,""E22"":170,""E23"":126,""E24"":91,""E25"":61,""E26"":39,""E27"":23,""E28"":18,""E29"":15,""E3"":6205,""E30"":11,""E31"":4,""E32"":6,""E33"":1,""E34"":3,""E35"":4,""E36"":3,""E37"":1,""E39"":1,""E4"":5427,""E40"":1,""E43"":1,""E5"":4158,""E6"":2915,""E7"":2314,""E8"":1892,""E9"":2251}"
1000000000,   1760693,         0,791055.2,pymatching,41cbf6347b5abb6c27e46cbf0f1a7d50a5f996b78653dd705c351866c39f01af,"{""b"":""magic"",""c"":""memory"",""collect"":""gap"",""d"":5,""gateset"":""cz"",""noise"":""si1000"",""p"":0.001,""patches"":1,""q"":50,""r"":60,""yokes"":1}","{""C-1"":2694625,""C-10"":1063175,""C-11"":881874,""C-12"":622274,""C-13"":642038,""C-14"":603898,""C-15"":690208,""C-16"":653502,""C-17"":478905,""C-18"":373455,""C-19"":399747,""C-2"":1942497,""C-20"":402375,""C-21"":240988,""C-22"":328101,""C-23"":245970,""C-24"":224834,""C-25"":186332,""C-26"":131611,""C-27"":74796,""C-28"":72832,""C-29"":63094,""C-3"":2094170,""C-30"":77140,""C-31"":33014,""C-32"":47742,""C-33"":22361,""C-34"":15935,""C-35"":23689,""C-36"":17823,""C-37"":14924,""C-38"":7879,""C-39"":4843,""C-4"":2127592,""C-40"":9825,""C-41"":4575,""C-42"":4942,""C-43"":4032,""C-44"":2439,""C-45"":2018,""C-46"":1454,""C-47"":657,""C-48"":873,""C-49"":815,""C-5"":1884208,""C-50"":639,""C-51"":267,""C-52"":196,""C-53"":220,""C-54"":178,""C-55"":124,""C-56"":189,""C-57"":21,""C-58"":27,""C-59"":21,""C-6"":1274146,""C-60"":2,""C-61"":56,""C-62"":2,""C-63"":3,""C-64"":2,""C-7"":1124416,""C-8"":907998,""C-9"":1243877,""C0"":2713864,""C1"":3685916,""C10"":8326522,""C11"":9719097,""C12"":7063106,""C13"":10180904,""C14"":10509925,""C15"":17342219,""C16"":18549593,""C17"":16436168,""C18"":15479889,""C19"":19585268,""C2"":2839813,""C20"":26423481,""C21"":17963792,""C22"":30059766,""C23"":27971973,""C24"":29124846,""C25"":31141420,""C26"":24759112,""C27"":19635506,""C28"":25601529,""C29"":23642355,""C3"":4433974,""C30"":31178982,""C31"":17673148,""C32"":27652383,""C33"":17540526,""C34"":18285240,""C35"":28107111,""C36"":26275180,""C37"":17478770,""C38"":15791328,""C39"":14240289,""C4"":4512565,""C40"":29314763,""C41"":20563144,""C42"":26838921,""C43"":31686613,""C44"":20113291,""C45"":21780321,""C46"":15944499,""C47"":11407177,""C48"":16138572,""C49"":22135680,""C5"":4811662,""C50"":16813434,""C51"":7388386,""C52"":7818188,""C53"":10062887,""C54"":10362768,""C55"":9414006,""C56"":17913291,""C57"":2220801,""C58"":3340979,""C59"":3133934,""C6"":4556842,""C60"":1465977,""C61"":11332833,""C62"":1800690,""C63"":2468928,""C64"":1742130,""C65"":304193,""C66"":151847,""C67"":40473,""C68"":42574,""C69"":44823,""C7"":4483119,""C70"":26736,""C71"":9844,""C72"":3486,""C73"":1170,""C74"":446,""C75"":517,""C76"":950,""C77"":316,""C78"":612,""C79"":353,""C8"":5259097,""C80"":154,""C81"":96,""C82"":72,""C83"":101,""C84"":23,""C85"":10,""C86"":433,""C87"":50,""C88"":3510,""C89"":1004,""C9"":9394540,""C90"":8,""C91"":5,""C92"":2,""C97"":1,""E-1"":68818,""E-10"":61085,""E-11"":62181,""E-12"":42956,""E-13"":52554,""E-14"":50055,""E-15"":71353,""E-16"":66163,""E-17"":52803,""E-18"":47219,""E-19"":52047,""E-2"":48283,""E-20"":60052,""E-21"":33383,""E-22"":48283,""E-23"":37535,""E-24"":33414,""E-25"":29210,""E-26"":19287,""E-27"":13367,""E-28"":14310,""E-29"":12017,""E-3"":63905,""E-30"":13298,""E-31"":6493,""E-32"":8191,""E-33"":4757,""E-34"":4021,""E-35"":5288,""E-36"":4311,""E-37"":2652,""E-38"":1911,""E-39"":1540,""E-4"":60278,""E-40"":2493,""E-41"":1593,""E-42"":1626,""E-43"":1648,""E-44"":869,""E-45"":841,""E-46"":491,""E-47"":307,""E-48"":349,""E-49"":421,""E-5"":57541,""E-50"":251,""E-51"":101,""E-52"":78,""E-53"":95,""E-54"":101,""E-55"":74,""E-56"":99,""E-57"":12,""E-58"":14,""E-59"":12,""E-6"":48688,""E-60"":8,""E-61"":39,""E-62"":3,""E-63"":7,""E-7"":45916,""E-8"":47789,""E-9"":75534,""E0"":53203,""E1"":53177,""E10"":8880,""E11"":6750,""E12"":4512,""E13"":4200,""E14"":3555,""E15"":3541,""E16"":3015,""E17"":1881,""E18"":1388,""E19"":1317,""E2"":34116,""E20"":1276,""E21"":587,""E22"":760,""E23"":479,""E24"":349,""E25"":210,""E26"":155,""E27"":82,""E28"":70,""E29"":55,""E3"":34115,""E30"":56,""E31"":14,""E32"":25,""E33"":4,""E34"":5,""E35"":9,""E36"":2,""E37"":1,""E38"":1,""E4"":30268,""E40"":3,""E44"":1,""E5"":23370,""E6"":15134,""E7"":12486,""E8"":9733,""E9"":11888}"
1000000000,      1292,         0,3867286.7,pymatching,0ba36960f1a1cf823bb8fac2ecafb376163d87d0d3de5970d265bd6e7c89efee,"{""b"":""magic"",""c"":""memory"",""collect"":""gap"",""d"":9,""gateset"":""cz"",""noise"":""si1000"",""p"":0.001,""patches"":1,""q"":162,""r"":36,""yokes"":1}","{""C-1"":53429,""C-10"":19715,""C-11"":17297,""C-12"":15585,""C-13"":14037,""C-14"":12762,""C-15"":11157,""C-16"":10236,""C-17"":9738,""C-18"":7652,""C-19"":7540,""C-2"":40954,""C-20"":6902,""C-21"":5443,""C-22"":5867,""C-23"":4800,""C-24"":4385,""C-25"":3843,""C-26"":3283,""C-27"":2936,""C-28"":2608,""C-29"":2481,""C-3"":41525,""C-30"":2431,""C-31"":1607,""C-32"":1851,""C-33"":1423,""C-34"":1289,""C-35"":1110,""C-36"":1017,""C-37"":817,""C-38"":787,""C-39"":662,""C-4"":36944,""C-40"":716,""C-41"":515,""C-42"":489,""C-43"":439,""C-44"":331,""C-45"":274,""C-46"":257,""C-47"":221,""C-48"":245,""C-49"":192,""C-5"":31430,""C-50"":186,""C-51"":161,""C-52"":128,""C-53"":113,""C-54"":90,""C-55"":88,""C-56"":77,""C-57"":61,""C-58"":55,""C-59"":52,""C-6"":29029,""C-60"":32,""C-61"":33,""C-62"":37,""C-63"":26,""C-64"":22,""C-65"":24,""C-66"":18,""C-67"":13,""C-68"":16,""C-69"":11,""C-7"":27495,""C-70"":5,""C-71"":10,""C-72"":3,""C-73"":5,""C-74"":5,""C-75"":3,""C-76"":2,""C-77"":2,""C-78"":4,""C-79"":3,""C-8"":21994,""C-80"":1,""C-81"":4,""C-83"":2,""C-84"":1,""C-86"":1,""C-88"":1,""C-9"":23270,""C-90"":2,""C0"":52095,""C1"":65664,""C10"":153701,""C100"":16943180,""C101"":14432160,""C102"":15419518,""C103"":12090823,""C104"":12894661,""C105"":10553002,""C106"":12078198,""C107"":8153264,""C108"":10803886,""C109"":6801202,""C11"":167236,""C110"":9143043,""C111"":5201612,""C112"":6512175,""C113"":4494677,""C114"":4253746,""C115"":3321499,""C116"":2800784,""C117"":2028788,""C118"":1947143,""C119"":1516619,""C12"":183526,""C120"":1268333,""C121"":894551,""C122"":759591,""C123"":587589,""C124"":472994,""C125"":401632,""C126"":324484,""C127"":246051,""C128"":223749,""C129"":139541,""C13"":208823,""C130"":128040,""C131"":111029,""C132"":72409,""C133"":91947,""C134"":69613,""C135"":38419,""C136"":32599,""C137"":17856,""C138"":14296,""C139"":8953,""C14"":225700,""C140"":5562,""C141"":5197,""C142"":2417,""C143"":2700,""C144"":1630,""C145"":1304,""C146"":730,""C147"":785,""C148"":232,""C149"":273,""C15"":255570,""C150"":88,""C151"":145,""C152"":89,""C153"":44,""C154"":30,""C155"":9,""C156"":3,""C16"":269182,""C17"":331390,""C18"":297829,""C19"":390241,""C2"":63137,""C20"":422073,""C21"":402808,""C22"":539596,""C23"":541592,""C24"":583654,""C25"":647453,""C26"":684290,""C27"":751782,""C28"":792380,""C29"":931839,""C3"":77284,""C30"":1074680,""C31"":921258,""C32"":1261130,""C33"":1214775,""C34"":1366892,""C35"":1431861,""C36"":1618655,""C37"":1603181,""C38"":1869942,""C39"":1897478,""C4"":83650,""C40"":2440368,""C41"":2100227,""C42"":2720188,""C43"":2845950,""C44"":2882707,""C45"":3050673,""C46"":3578493,""C47"":3436347,""C48"":4132932,""C49"":4178847,""C5"":88782,""C50"":4976953,""C51"":4611875,""C52"":5493695,""C53"":5693836,""C54"":6263520,""C55"":6348073,""C56"":7675874,""C57"":6815500,""C58"":8116962,""C59"":8948755,""C6"":97447,""C60"":8449162,""C61"":10949578,""C62"":11118043,""C63"":11020099,""C64"":12656121,""C65"":12147329,""C66"":13345245,""C67"":13534838,""C68"":14109432,""C69"":17856572,""C7"":119541,""C70"":13521169,""C71"":18906483,""C72"":16126125,""C73"":18922122,""C74"":18420441,""C75"":18878378,""C76"":18090743,""C77"":19626881,""C78"":17863216,""C79"":23162662,""C8"":111576,""C80"":18377284,""C81"":22897415,""C82"":20936646,""C83"":20848329,""C84"":20861406,""C85"":21645149,""C86"":19929729,""C87"":23033780,""C88"":19432615,""C89"":25648830,""C9"":152567,""C90"":18552225,""C91"":22526935,""C92"":20461918,""C93"":18902998,""C94"":21509991,""C95"":20124048,""C96"":17069808,""C97"":18010605,""C98"":16241294,""C99"":16211828,""E-1"":34,""E-10"":29,""E-11"":26,""E-12"":28,""E-13"":39,""E-14"":30,""E-15"":35,""E-16"":22,""E-17"":23,""E-18"":24,""E-19"":27,""E-2"":26,""E-20"":24,""E-21"":28,""E-22"":27,""E-23"":14,""E-24"":32,""E-25"":24,""E-26"":22,""E-27"":19,""E-28"":23,""E-29"":23,""E-3"":35,""E-30"":32,""E-31"":14,""E-32"":24,""E-33"":10,""E-34"":18,""E-35"":18,""E-36"":10,""E-37"":13,""E-38"":5,""E-39"":10,""E-4"":38,""E-40"":10,""E-41"":12,""E-42"":12,""E-43"":9,""E-44"":7,""E-45"":6,""E-46"":6,""E-47"":6,""E-48"":6,""E-49"":7,""E-5"":25,""E-50"":3,""E-51"":7,""E-52"":9,""E-53"":3,""E-54"":3,""E-55"":7,""E-56"":5,""E-57"":3,""E-58"":3,""E-59"":3,""E-6"":38,""E-60"":1,""E-61"":2,""E-62"":2,""E-63"":4,""E-64"":2,""E-65"":3,""E-66"":3,""E-67"":2,""E-68"":3,""E-7"":22,""E-70"":3,""E-72"":2,""E-73"":1,""E-75"":1,""E-8"":26,""E-83"":1,""E-9"":30,""E0"":43,""E1"":28,""E10"":6,""E11"":4,""E12"":3,""E13"":2,""E14"":4,""E15"":1,""E17"":1,""E18"":3,""E19"":1,""E2"":16,""E21"":1,""E23"":1,""E28"":1,""E3"":16,""E4"":19,""E5"":15,""E6"":5,""E7"":8,""E8"":7,""E9"":3}"
 771163360,      6096,         0,23769597.9,pymatching,bf6c25ac50899da37257a1580945ccd8678bec5e0154ff97911ba81ba6fd9efd,"{""b"":""magic"",""c"":""memory"",""collect"":""gap"",""d"":9,""gateset"":""cz"",""noise"":""si1000"",""p"":0.001,""patches"":1,""q"":162,""r"":108,""yokes"":1}","{""C-1"":128573,""C-10"":47314,""C-11"":42160,""C-12"":37656,""C-13"":33931,""C-14"":30704,""C-15"":27360,""C-16"":24561,""C-17"":23357,""C-18"":18680,""C-19"":18613,""C-2"":98698,""C-20"":16715,""C-21"":12922,""C-22"":14349,""C-23"":11411,""C-24"":10454,""C-25"":9126,""C-26"":8136,""C-27"":7130,""C-28"":6258,""C-29"":5783,""C-3"":99949,""C-30"":5779,""C-31"":3835,""C-32"":4411,""C-33"":3372,""C-34"":3072,""C-35"":2657,""C-36"":2371,""C-37"":1959,""C-38"":1882,""C-39"":1542,""C-4"":89992,""C-40"":1557,""C-41"":1147,""C-42"":1164,""C-43"":1091,""C-44"":786,""C-45"":696,""C-46"":606,""C-47"":536,""C-48"":464,""C-49"":383,""C-5"":76103,""C-50"":374,""C-51"":307,""C-52"":282,""C-53"":234,""C-54"":210,""C-55"":173,""C-56"":181,""C-57"":116,""C-58"":120,""C-59"":110,""C-6"":70198,""C-60"":94,""C-61"":95,""C-62"":56,""C-63"":51,""C-64"":40,""C-65"":38,""C-66"":31,""C-67"":20,""C-68"":16,""C-69"":21,""C-7"":66981,""C-70"":17,""C-71"":17,""C-72"":3,""C-73"":4,""C-74"":9,""C-75"":4,""C-76"":7,""C-77"":2,""C-78"":3,""C-79"":1,""C-8"":53236,""C-81"":2,""C-83"":1,""C-84"":1,""C-87"":1,""C-89"":1,""C-9"":55596,""C0"":126498,""C1"":157566,""C10"":368672,""C100"":855520,""C101"":587573,""C102"":498667,""C103"":307275,""C104"":257723,""C105"":164094,""C106"":143072,""C107"":72557,""C108"":70875,""C109"":31865,""C11"":401317,""C110"":29947,""C111"":11661,""C112"":10177,""C113"":4586,""C114"":2878,""C115"":1425,""C116"":821,""C117"":401,""C118"":217,""C119"":110,""C12"":441496,""C120"":65,""C121"":24,""C122"":18,""C123"":9,""C124"":3,""C125"":7,""C126"":1,""C127"":1,""C13"":500765,""C14"":544812,""C15"":611870,""C16"":646861,""C17"":797330,""C18"":713090,""C19"":936495,""C2"":151094,""C20"":1005562,""C21"":962174,""C22"":1284208,""C23"":1292638,""C24"":1388172,""C25"":1540679,""C26"":1625225,""C27"":1780303,""C28"":1874640,""C29"":2202141,""C3"":186512,""C30"":2533908,""C31"":2165648,""C32"":2954089,""C33"":2846525,""C34"":3186448,""C35"":3332455,""C36"":3755388,""C37"":3711087,""C38"":4306389,""C39"":4344113,""C4"":203542,""C40"":5572360,""C41"":4764888,""C42"":6153115,""C43"":6393705,""C44"":6425469,""C45"":6752422,""C46"":7859509,""C47"":7489774,""C48"":8930572,""C49"":8964434,""C5"":215777,""C50"":10555890,""C51"":9654903,""C52"":11371555,""C53"":11642288,""C54"":12653234,""C55"":12624266,""C56"":15011391,""C57"":13057857,""C58"":15309980,""C59"":16510707,""C6"":234575,""C60"":15296644,""C61"":19312875,""C62"":19094575,""C63"":18415395,""C64"":20490442,""C65"":19047750,""C66"":20212120,""C67"":19818334,""C68"":19894056,""C69"":24121541,""C7"":287993,""C70"":17447275,""C71"":23303855,""C72"":18899742,""C73"":21065646,""C74"":19332542,""C75"":18745285,""C76"":16874872,""C77"":17215301,""C78"":14663545,""C79"":17744287,""C8"":267055,""C80"":13001229,""C81"":15029560,""C82"":12591460,""C83"":11484121,""C84"":10506868,""C85"":9897634,""C86"":8270738,""C87"":8591654,""C88"":6491280,""C89"":7581541,""C9"":368083,""C90"":4790315,""C91"":5140187,""C92"":4036362,""C93"":3255574,""C94"":3177499,""C95"":2500691,""C96"":1801725,""C97"":1604936,""C98"":1210404,""C99"":1006420,""E-1"":172,""E-10"":145,""E-11"":158,""E-12"":132,""E-13"":142,""E-14"":142,""E-15"":145,""E-16"":113,""E-17"":141,""E-18"":103,""E-19"":144,""E-2"":155,""E-20"":123,""E-21"":111,""E-22"":129,""E-23"":119,""E-24"":105,""E-25"":100,""E-26"":94,""E-27"":82,""E-28"":100,""E-29"":86,""E-3"":191,""E-30"":104,""E-31"":92,""E-32"":94,""E-33"":80,""E-34"":77,""E-35"":72,""E-36"":59,""E-37"":56,""E-38"":68,""E-39"":55,""E-4"":163,""E-40"":72,""E-41"":42,""E-42"":60,""E-43"":42,""E-44"":30,""E-45"":26,""E-46"":36,""E-47"":29,""E-48"":26,""E-49"":29,""E-5"":126,""E-50"":19,""E-51"":26,""E-52"":27,""E-53"":32,""E-54"":22,""E-55"":16,""E-56"":22,""E-57"":12,""E-58"":10,""E-59"":16,""E-6"":144,""E-60"":11,""E-61"":12,""E-62"":11,""E-63"":10,""E-64"":5,""E-65"":2,""E-66"":3,""E-67"":5,""E-68"":4,""E-69"":1,""E-7"":162,""E-70"":1,""E-71"":3,""E-72"":2,""E-73"":2,""E-74"":4,""E-75"":1,""E-77"":1,""E-78"":1,""E-8"":141,""E-81"":1,""E-82"":1,""E-84"":1,""E-9"":176,""E0"":153,""E1"":124,""E10"":17,""E11"":18,""E12"":9,""E13"":6,""E14"":9,""E15"":4,""E16"":5,""E17"":5,""E18"":2,""E19"":1,""E2"":98,""E20"":2,""E21"":1,""E22"":3,""E23"":1,""E25"":2,""E26"":2,""E28"":2,""E29"":1,""E3"":88,""E30"":1,""E34"":1,""E4"":84,""E5"":46,""E6"":49,""E7"":32,""E8"":26,""E9"":27}"
 176524376,         0,         0,13300439.7,pymatching,20669fd78c25d3aca43b00bbbe749f610e1088ee1cbb768e9aa00ff92e47d8cc,"{""b"":""magic"",""c"":""memory"",""collect"":""gap"",""d"":13,""gateset"":""cz"",""noise"":""si1000"",""p"":0.001,""patches"":1,""q"":338,""r"":52,""yokes"":1}","{""C-1"":392,""C-10"":159,""C-11"":145,""C-12"":126,""C-13"":100,""C-14"":117,""C-15"":101,""C-16"":85,""C-17"":84,""C-18"":69,""C-19"":52,""C-2"":330,""C-20"":52,""C-21"":55,""C-22"":43,""C-23"":34,""C-24"":28,""C-25"":24,""C-26"":37,""C-27"":24,""C-28"":20,""C-29"":20,""C-3"":343,""C-30"":19,""C-31"":14,""C-32"":11,""C-33"":18,""C-34"":5,""C-35"":12,""C-36"":3,""C-37"":3,""C-38"":6,""C-39"":6,""C-4"":320,""C-40"":1,""C-41"":5,""C-42"":7,""C-43"":3,""C-44"":5,""C-45"":4,""C-46"":1,""C-47"":2,""C-49"":1,""C-5"":258,""C-50"":3,""C-51"":3,""C-54"":3,""C-56"":2,""C-57"":2,""C-58"":1,""C-6"":244,""C-60"":1,""C-65"":1,""C-69"":1,""C-7"":209,""C-74"":1,""C-8"":192,""C-9"":184,""C0"":422,""C1"":514,""C10"":1215,""C100"":1742103,""C101"":1812814,""C102"":2010015,""C103"":1956608,""C104"":2168439,""C105"":2179439,""C106"":2359234,""C107"":2355693,""C108"":2570103,""C109"":2506638,""C11"":1343,""C110"":2865281,""C111"":2745200,""C112"":3206391,""C113"":2981271,""C114"":3210249,""C115"":3213439,""C116"":3383710,""C117"":3263332,""C118"":3556430,""C119"":3474100,""C12"":1420,""C120"":3639136,""C121"":3627141,""C122"":3864281,""C123"":3638167,""C124"":3778865,""C125"":3793254,""C126"":3775875,""C127"":3633931,""C128"":3742343,""C129"":3607228,""C13"":1680,""C130"":3532379,""C131"":3702047,""C132"":3479178,""C133"":3447990,""C134"":3436199,""C135"":3210570,""C136"":3144268,""C137"":2956718,""C138"":2764320,""C139"":2780162,""C14"":1687,""C140"":2448242,""C141"":2624049,""C142"":2193765,""C143"":2238178,""C144"":1969560,""C145"":1944908,""C146"":1645783,""C147"":1568912,""C148"":1305449,""C149"":1345989,""C15"":1922,""C150"":1064741,""C151"":1110069,""C152"":884982,""C153"":816916,""C154"":695730,""C155"":633649,""C156"":500846,""C157"":460220,""C158"":363690,""C159"":329106,""C16"":2107,""C160"":260641,""C161"":227818,""C162"":179263,""C163"":148758,""C164"":123224,""C165"":95748,""C166"":73469,""C167"":59700,""C168"":43187,""C169"":34761,""C17"":2469,""C170"":25772,""C171"":20181,""C172"":15321,""C173"":11184,""C174"":8604,""C175"":6061,""C176"":4557,""C177"":3036,""C178"":2483,""C179"":1578,""C18"":2521,""C180"":1200,""C181"":726,""C182"":596,""C183"":337,""C184"":288,""C185"":160,""C186"":90,""C187"":72,""C188"":50,""C189"":22,""C19"":2945,""C190"":17,""C191"":7,""C192"":4,""C193"":4,""C194"":1,""C195"":1,""C196"":1,""C197"":1,""C2"":495,""C20"":3184,""C21"":3284,""C22"":3956,""C23"":4262,""C24"":4698,""C25"":5140,""C26"":5512,""C27"":6112,""C28"":6631,""C29"":7527,""C3"":594,""C30"":8266,""C31"":8400,""C32"":10093,""C33"":10518,""C34"":11760,""C35"":12310,""C36"":13970,""C37"":14692,""C38"":16711,""C39"":17747,""C4"":637,""C40"":21000,""C41"":20632,""C42"":24341,""C43"":26331,""C44"":27858,""C45"":30092,""C46"":34331,""C47"":35758,""C48"":40049,""C49"":43333,""C5"":727,""C50"":48811,""C51"":49168,""C52"":57718,""C53"":62225,""C54"":65673,""C55"":70360,""C56"":79469,""C57"":82310,""C58"":92004,""C59"":103263,""C6"":759,""C60"":106350,""C61"":119106,""C62"":131308,""C63"":141156,""C64"":151134,""C65"":161193,""C66"":174119,""C67"":188063,""C68"":202152,""C69"":233678,""C7"":898,""C70"":228595,""C71"":268898,""C72"":278131,""C73"":313030,""C74"":318543,""C75"":347008,""C76"":366857,""C77"":406694,""C78"":413432,""C79"":491567,""C8"":948,""C80"":477464,""C81"":549593,""C82"":576137,""C83"":621293,""C84"":640121,""C85"":704248,""C86"":733712,""C87"":809159,""C88"":813016,""C89"":947707,""C9"":1074,""C90"":929954,""C91"":1046095,""C92"":1114486,""C93"":1146728,""C94"":1243926,""C95"":1334827,""C96"":1357041,""C97"":1477247,""C98"":1506900,""C99"":1625593}"
   1000000,       961,         0,    82.5,pymatching,408a40011cab93f8f0864dbcf8190934eedfb4e86a5671069684d4d3fc53d8e4,"{""b"":""magic"",""c"":""memory"",""d"":3,""gateset"":""cz"",""noise"":""si1000"",""p"":0.001,""patches"":16,""q"":288,""r"":12,""yokes"":16}",
   1000000,       248,         0,   237.4,sparse_blossom_correlated,6f6bcf9a1e6ad4f93218d57306d3c289dc81895ec40b145b3a59ff75d4b09665,"{""b"":""magic"",""c"":""memory"",""d"":3,""gateset"":""cz"",""noise"":""si1000"",""p"":0.001,""patches"":16,""q"":288,""r"":12,""yokes"":16}",
    106035,      1000,         0,    35.6,pymatching,86a496ed7977d9767b152655fbba9be282249191f37cb9cf547c0647a32403c7,"{""b"":""magic"",""c"":""memory"",""d"":3,""gateset"":""cz"",""noise"":""si1000"",""p"":0.001,""patches"":16,""q"":288,""r"":24,""yokes"":16}",
    398267,      1094,         0,   266.5,sparse_blossom_correlated,d64f78514a0250d1b47451e29d2c8dbe11d56b49a7d7f15448dd3b41eddb39ef,"{""b"":""magic"",""c"":""memory"",""d"":3,""gateset"":""cz"",""noise"":""si1000"",""p"":0.001,""patches"":16,""q"":288,""r"":24,""yokes"":16}",
     31119,      1009,         0,    26.6,pymatching,6cdfeef8a32efcf6458259db1fd7084a049bf6938f2668f0b1c9f44c87a8bdfe,"{""b"":""magic"",""c"":""memory"",""d"":3,""gateset"":""cz"",""noise"":""si1000"",""p"":0.001,""patches"":16,""q"":288,""r"":36,""yokes"":16}",
     94272,      1002,         0,   129.5,sparse_blossom_correlated,b9588d5f0c23f8ae5618507e7cc7dbfd0e22a5deecf2ab73b0dd0546e299027e,"{""b"":""magic"",""c"":""memory"",""d"":3,""gateset"":""cz"",""noise"":""si1000"",""p"":0.001,""patches"":16,""q"":288,""r"":36,""yokes"":16}",
     55093,      1088,         0,    37.3,pymatching,6cc27322714595356fefd0d7c5e9ff7f386f125cf4b54d27628b48dcc3cee687,"{""b"":""magic"",""c"":""memory"",""d"":3,""gateset"":""cz"",""noise"":""si1000"",""p"":0.001,""patches"":64,""q"":1152,""r"":12,""yokes"":32}",
    206202,      1005,         0,   396.7,sparse_blossom_correlated,7084e8405774805929fae8e3c6e06b0033150a6daf2bc50793705d78691484c4,"{""b"":""magic"",""c"":""memory"",""d"":3,""gateset"":""cz"",""noise"":""si1000"",""p"":0.001,""patches"":64,""q"":1152,""r"":12,""yokes"":32}",
      6680,      1027,         0,    26.2,pymatching,cde648157889f8c264422ac549340bfc54b43b55335af2c1b638a341fa0537d5,"{""b"":""magic"",""c"":""memory"",""d"":3,""gateset"":""cz"",""noise"":""si1000"",""p"":0.001,""patches"":64,""q"":1152,""r"":24,""yokes"":32}",
     19477,      1030,         0,   146.9,sparse_blossom_correlated,7c76de1000ac51c0af1f16838574ef337dd0a27af4a6d872d1a4378537af0ae1,"{""b"":""magic"",""c"":""memory"",""d"":3,""gateset"":""cz"",""noise"":""si1000"",""p"":0.001,""patches"":64,""q"":1152,""r"":24,""yokes"":32}",
      2779,      1052,         0,    25.0,pymatching,a3434f3daffc7b4b8e6a7f8cca57b040979349c1337fd0268be544dc1fa0e407,"{""b"":""magic"",""c"":""memory"",""d"":3,""gateset"":""cz"",""noise"":""si1000"",""p"":0.001,""patches"":64,""q"":1152,""r"":36,""yokes"":32}",
      5997,      1024,         0,   120.0,sparse_blossom_correlated,2948e829e4e629cb8c0a9eaa3799c841d689a90f4c68a44193d97d66878d0e0b,"{""b"":""magic"",""c"":""memory"",""d"":3,""gateset"":""cz"",""noise"":""si1000"",""p"":0.001,""patches"":64,""q"":1152,""r"":36,""yokes"":32}",
     11106,      1028,         0,   260.0,sparse_blossom_correlated,9005d40238f281a0d10abc88d43e5cdaabb1d20dfdf0942773e83986abd9caf5,"{""b"":""magic"",""c"":""memory"",""d"":3,""gateset"":""cz"",""noise"":""si1000"",""p"":0.001,""patches"":256,""q"":4608,""r"":12,""yokes"":64}",
      3670,      1041,         0,    38.9,pymatching,9edd46c0496f3519f1f1e30e90d6b99d7c244ea1391429db39d0d636221a2e2b,"{""b"":""magic"",""c"":""memory"",""d"":3,""gateset"":""cz"",""noise"":""si1000"",""p"":0.001,""patches"":256,""q"":4608,""r"":12,""yokes"":64}",
      1828,      1018,         0,   244.7,sparse_blossom_correlated,764b3a5aa1fa0704e153ae5286d77995b03972efce29e0b3c565cf97a2d6f3e6,"{""b"":""magic"",""c"":""memory"",""d"":3,""gateset"":""cz"",""noise"":""si1000"",""p"":0.001,""patches"":256,""q"":4608,""r"":24,""yokes"":64}",
         6,         4,         0,    7.62,pymatching,de0d8aed8923a305b11dc4f5d2f4eebceb1da82ef5a1d8d2990d23d577c371f9,"{""b"":""magic"",""c"":""memory"",""d"":3,""gateset"":""cz"",""noise"":""si1000"",""p"":0.001,""patches"":256,""q"":4608,""r"":24,""yokes"":64}",
   1000000,       117,         0,   184.1,pymatching,de84462238a7711c855f94870a7994517bda6ea93fe2d5fd33e0afb8b52d7f65,"{""b"":""magic"",""c"":""memory"",""d"":4,""gateset"":""cz"",""noise"":""si1000"",""p"":0.001,""patches"":16,""q"":512,""r"":16,""yokes"":16}",
   1000000,        17,         0,   799.1,sparse_blossom_correlated,e3c9077dae2f4ecb4347002f54a98d7faa8109c82a16e2fe188732bdd26ca1f8,"{""b"":""magic"",""c"":""memory"",""d"":4,""gateset"":""cz"",""noise"":""si1000"",""p"":0.001,""patches"":16,""q"":512,""r"":16,""yokes"":16}",
    709046,      1013,         0,   468.7,pymatching,8f125bacfc1f3026ccd4e044bb081de62c13cc44389a64b7bee28814b78321a0,"{""b"":""magic"",""c"":""memory"",""d"":4,""gateset"":""cz"",""noise"":""si1000"",""p"":0.001,""patches"":16,""q"":512,""r"":32,""yokes"":16}",
   1000000,       208,         0,  2395.5,sparse_blossom_correlated,905516ec8d19a05410b7a838b3fa9895dd23f09ffe8c774b7939482ceaf4a1d6,"{""b"":""magic"",""c"":""memory"",""d"":4,""gateset"":""cz"",""noise"":""si1000"",""p"":0.001,""patches"":16,""q"":512,""r"":32,""yokes"":16}",
    177573,      1001,         0,   257.7,pymatching,8c87dbdd8fa7bc10669ab6ed6f23dd08f4d84ab58b6c0960115775d4a12142b5,"{""b"":""magic"",""c"":""memory"",""d"":4,""gateset"":""cz"",""noise"":""si1000"",""p"":0.001,""patches"":16,""q"":512,""r"":48,""yokes"":16}",
   1000000,       822,         0,  4789.4,sparse_blossom_correlated,a957ec480d6fcec0128b02221ef5f80f77f99f42abfa4a83a8160c86eac95235,"{""b"":""magic"",""c"":""memory"",""d"":4,""gateset"":""cz"",""noise"":""si1000"",""p"":0.001,""patches"":16,""q"":512,""r"":48,""yokes"":16}",
    434972,      1022,         0,   818.6,pymatching,6843ed9bcee3aee3d147f980e53e2ecae79ec753397c92c92b4a755f1511e30f,"{""b"":""magic"",""c"":""memory"",""d"":4,""gateset"":""cz"",""noise"":""si1000"",""p"":0.001,""patches"":64,""q"":2048,""r"":16,""yokes"":32}",
   1000000,       282,         0,  7475.0,sparse_blossom_correlated,1352e2961085aa91fe342e0ad48ba6354d4f98a8e2230229624daf1695ed2ae5,"{""b"":""magic"",""c"":""memory"",""d"":4,""gateset"":""cz"",""noise"":""si1000"",""p"":0.001,""patches"":64,""q"":2048,""r"":16,""yokes"":32}",
     36769,      1003,         0,   335.3,pymatching,91d0cc60c5eb177c660882cda17a6d9f01a7f8cd92b75f2bfdbcb5c20a2cda5c,"{""b"":""magic"",""c"":""memory"",""d"":4,""gateset"":""cz"",""noise"":""si1000"",""p"":0.001,""patches"":64,""q"":2048,""r"":32,""yokes"":32}",
    247764,      1011,         0,  5554.9,sparse_blossom_correlated,b5c32e2ba8aecf3b072eb2e3ccddc978b7b0d82043e4f6907d0776a8218820ea,"{""b"":""magic"",""c"":""memory"",""d"":4,""gateset"":""cz"",""noise"":""si1000"",""p"":0.001,""patches"":64,""q"":2048,""r"":32,""yokes"":32}",
      9962,      1021,         0,   251.1,pymatching,8103eb38d3daf3a7b39f6d08e33f474de1903fdf136f39782fb76a47eca0c63e,"{""b"":""magic"",""c"":""memory"",""d"":4,""gateset"":""cz"",""noise"":""si1000"",""p"":0.001,""patches"":64,""q"":2048,""r"":48,""yokes"":32}",
     63965,      1128,         0,  3018.9,sparse_blossom_correlated,875409275034e8fd6caee015eca73e8fdb608e11673ed0080772a91d9cb3e39f,"{""b"":""magic"",""c"":""memory"",""d"":4,""gateset"":""cz"",""noise"":""si1000"",""p"":0.001,""patches"":64,""q"":2048,""r"":48,""yokes"":32}",
    205041,      1099,         0, 11889.0,sparse_blossom_correlated,be36bbec41d07767147f0d1d310523231f294e279b6c82a38ab1afc63bf5e8e1,"{""b"":""magic"",""c"":""memory"",""d"":4,""gateset"":""cz"",""noise"":""si1000"",""p"":0.001,""patches"":256,""q"":8192,""r"":16,""yokes"":64}",
         1,         0,         0,    2.51,pymatching,06e343b05f661e23730c7b4ebc6a2795780dbe39a7cb413c2b56672afb89b730,"{""b"":""magic"",""c"":""memory"",""d"":4,""gateset"":""cz"",""noise"":""si1000"",""p"":0.001,""patches"":256,""q"":8192,""r"":16,""yokes"":64}",
     14264,      1008,         0,  4030.3,sparse_blossom_correlated,df5388829b1eb8e4afbd181c5b60afe80cac0e43adbda1f86a3761d8dcb17fe7,"{""b"":""magic"",""c"":""memory"",""d"":4,""gateset"":""cz"",""noise"":""si1000"",""p"":0.001,""patches"":256,""q"":8192,""r"":32,""yokes"":64}",
     61728,      1033,         0,    17.8,sparse_blossom_correlated,a9f0144dfcd93b3a640c217df79890739b932299f087dbfc8a65c9f595e81105,"{""b"":""magic"",""c"":""memory"",""d"":5,""gateset"":""cz"",""noise"":""si1000"",""p"":0.001,""patches"":4,""q"":200,""r"":20,""yokes"":0}",
     31112,      1015,         0,    8.33,pymatching,3723262a7e462d27d816fac8fa94cde6a2a2acd84eb1ad4a555c558186a559f4,"{""b"":""magic"",""c"":""memory"",""d"":5,""gateset"":""cz"",""noise"":""si1000"",""p"":0.001,""patches"":4,""q"":200,""r"":20,""yokes"":0}",
     15304,      1037,         0,    8.40,pymatching,1a85f852318c6f3032e711b9e9d1b5208b57c642fd555b566bea2afbc0b4e22c,"{""b"":""magic"",""c"":""memory"",""d"":5,""gateset"":""cz"",""noise"":""si1000"",""p"":0.001,""patches"":4,""q"":200,""r"":40,""yokes"":0}",
     29177,      1003,         0,    25.3,sparse_blossom_correlated,bf5ce7016a2544b26c7f4067baf30b033780c57ea1eaef5f7e70546e4ec8aad5,"{""b"":""magic"",""c"":""memory"",""d"":5,""gateset"":""cz"",""noise"":""si1000"",""p"":0.001,""patches"":4,""q"":200,""r"":40,""yokes"":0}",
    547161,      1029,         0,   247.0,sparse_blossom_correlated,11d09219a2f1e9c73b75f70f4fc98f9c6443e4713fe5aa9454d03841dc44fcda,"{""b"":""magic"",""c"":""memory"",""d"":5,""gateset"":""cz"",""noise"":""si1000"",""p"":0.001,""patches"":5,""q"":250,""r"":20,""yokes"":1}",
    187200,      1065,         0,    31.3,pymatching,1b2a2cdcc2c6a2a2047206a4be3e1504c498bf2fa4dcd976f795f05936fd58bf,"{""b"":""magic"",""c"":""memory"",""d"":5,""gateset"":""cz"",""noise"":""si1000"",""p"":0.001,""patches"":5,""q"":250,""r"":20,""yokes"":1}",
    182061,      1034,         0,   261.5,sparse_blossom_correlated,3c7f2167e2597f4c2f76df45f138ac392aa225866d1e663d9eb5460030d617db,"{""b"":""magic"",""c"":""memory"",""d"":5,""gateset"":""cz"",""noise"":""si1000"",""p"":0.001,""patches"":5,""q"":250,""r"":40,""yokes"":1}",
     55250,      1034,         0,    32.6,pymatching,3de186194b9177bcb45711275d776d622dad89ff4f2e04ee1fb61bfd3b5d44e7,"{""b"":""magic"",""c"":""memory"",""d"":5,""gateset"":""cz"",""noise"":""si1000"",""p"":0.001,""patches"":5,""q"":250,""r"":40,""yokes"":1}",
   1278490,      1097,         0,   662.4,sparse_blossom_correlated,0a4f05a175e6d1454637705c1219e3c0a3839ad9a40039b71dcd938d8fbcc61e,"{""b"":""magic"",""c"":""memory"",""d"":5,""gateset"":""cz"",""noise"":""si1000"",""p"":0.001,""patches"":6,""q"":300,""r"":20,""yokes"":2}",
    276702,      1002,         0,    46.1,pymatching,34540220cbb40f545181c776d95620a9a800da797207a9c015cd547cfa11e136,"{""b"":""magic"",""c"":""memory"",""d"":5,""gateset"":""cz"",""noise"":""si1000"",""p"":0.001,""patches"":6,""q"":300,""r"":20,""yokes"":2}",
    293448,      1003,         0,   442.1,sparse_blossom_correlated,4361a1628b1b42ddb57933c84850bc1be22757bbc5c6a998b86ce506871a8783,"{""b"":""magic"",""c"":""memory"",""d"":5,""gateset"":""cz"",""noise"":""si1000"",""p"":0.001,""patches"":6,""q"":300,""r"":40,""yokes"":2}",
     77102,      1037,         0,    39.7,pymatching,2a1c73fbbd2f0825394d0a2755722d3df7ff3cb2273e00fbbe1664baea2e7901,"{""b"":""magic"",""c"":""memory"",""d"":5,""gateset"":""cz"",""noise"":""si1000"",""p"":0.001,""patches"":6,""q"":300,""r"":40,""yokes"":2}",
     29860,      1003,         0,    14.4,sparse_blossom_correlated,0f59ca7f07c823b7170eb3a1b313003f53b811978abcb2aae1f1ecc70dd7dfdb,"{""b"":""magic"",""c"":""memory"",""d"":5,""gateset"":""cz"",""noise"":""si1000"",""p"":0.001,""patches"":8,""q"":400,""r"":20,""yokes"":0}",
     14542,      1006,         0,    27.6,sparse_blossom_correlated,6314007c5e14e7ad78ecb34f56dbfc1e095bc2092010247a4bc44530839688e2,"{""b"":""magic"",""c"":""memory"",""d"":5,""gateset"":""cz"",""noise"":""si1000"",""p"":0.001,""patches"":8,""q"":400,""r"":40,""yokes"":0}",
    213560,      1046,         0,   151.4,sparse_blossom_correlated,51a29dcb1f7d2f678c069db0d235a5fdbc5ff1526f7b69eefd25a887a69f5d0c,"{""b"":""magic"",""c"":""memory"",""d"":5,""gateset"":""cz"",""noise"":""si1000"",""p"":0.001,""patches"":9,""q"":450,""r"":20,""yokes"":1}",
     66785,      1064,         0,   191.2,sparse_blossom_correlated,b59c9dd4d22b945cc05aef20c2d54e99d652dc0f2317689d175f4b3eca3ef5b9,"{""b"":""magic"",""c"":""memory"",""d"":5,""gateset"":""cz"",""noise"":""si1000"",""p"":0.001,""patches"":9,""q"":450,""r"":40,""yokes"":1}",
    435456,      1040,         0,   285.8,sparse_blossom_correlated,a92ef2e7fb9e0ca02ce35de41b1ebd0115d7733d15e4bfe34133878b31ef419a,"{""b"":""magic"",""c"":""memory"",""d"":5,""gateset"":""cz"",""noise"":""si1000"",""p"":0.001,""patches"":10,""q"":500,""r"":20,""yokes"":2}",
    112369,      1014,         0,   253.6,sparse_blossom_correlated,97db4ab5ad44963abfe8cacb6d47d30c7bb8afaea2674f46c89b66daa09cac70,"{""b"":""magic"",""c"":""memory"",""d"":5,""gateset"":""cz"",""noise"":""si1000"",""p"":0.001,""patches"":10,""q"":500,""r"":40,""yokes"":2}",
   1000000,         8,         0,   467.9,pymatching,9deb6a26f0f212ba9effce33f7f30deacfaf9a5086deffd422fa552f8ff6cb7c,"{""b"":""magic"",""c"":""memory"",""d"":5,""gateset"":""cz"",""noise"":""si1000"",""p"":0.001,""patches"":16,""q"":800,""r"":20,""yokes"":16}",
   1000000,         0,         0,  2097.0,sparse_blossom_correlated,973ef0a8a25ff59f39c25ad4d45441b9dd46f3d8593a637b34d6b33ff0e80a06,"{""b"":""magic"",""c"":""memory"",""d"":5,""gateset"":""cz"",""noise"":""si1000"",""p"":0.001,""patches"":16,""q"":800,""r"":20,""yokes"":16}",
   1000000,       171,         0,  1566.1,pymatching,c09315dba8700593ff93d8151c4983085dc0f013bf097ff1be99bed14226f7d3,"{""b"":""magic"",""c"":""memory"",""d"":5,""gateset"":""cz"",""noise"":""si1000"",""p"":0.001,""patches"":16,""q"":800,""r"":40,""yokes"":16}",
   1000000,         9,         0,  6338.2,sparse_blossom_correlated,d529168b5e68695b41965018975e4fca9fde50edcb2d1983ec83ac48390b4e0b,"{""b"":""magic"",""c"":""memory"",""d"":5,""gateset"":""cz"",""noise"":""si1000"",""p"":0.001,""patches"":16,""q"":800,""r"":40,""yokes"":16}",
   1000000,       651,         0,  3345.9,pymatching,b22e69b45d1463a034ec985f14eb4d07d2688dd509e9bbddfc672c5582141761,"{""b"":""magic"",""c"":""memory"",""d"":5,""gateset"":""cz"",""noise"":""si1000"",""p"":0.001,""patches"":16,""q"":800,""r"":60,""yokes"":16}",
   1000000,        38,         0, 11503.8,sparse_blossom_correlated,ada17b0640a02739c5882a889c80699db28f5e28905da6733332f868c9a17034,"{""b"":""magic"",""c"":""memory"",""d"":5,""gateset"":""cz"",""noise"":""si1000"",""p"":0.001,""patches"":16,""q"":800,""r"":60,""yokes"":16}",
   4471116,      1023,         0, 27793.5,pymatching,4c55fd6c54dd1a296489ebf2f5bf443d2bfaba3d64eb56840f851b8303f0d782,"{""b"":""magic"",""c"":""memory"",""d"":5,""gateset"":""cz"",""noise"":""si1000"",""p"":0.001,""patches"":64,""q"":3200,""r"":20,""yokes"":32}",
   1000000,         8,         0, 17943.8,sparse_blossom_correlated,399997446d910c7aa18ce03fd6a370d0953dbdd6e1ea937d844acabce60f67fb,"{""b"":""magic"",""c"":""memory"",""d"":5,""gateset"":""cz"",""noise"":""si1000"",""p"":0.001,""patches"":64,""q"":3200,""r"":20,""yokes"":32}",
    351551,      1095,         0,  7583.9,pymatching,6c173db6ea80160cfe75e3961d358dc88d7e808af6d9f121a9e8dbf371e6e415,"{""b"":""magic"",""c"":""memory"",""d"":5,""gateset"":""cz"",""noise"":""si1000"",""p"":0.001,""patches"":64,""q"":3200,""r"":40,""yokes"":32}",
   1000000,       163,         0, 55864.8,sparse_blossom_correlated,5717b587520229342b5ccec314c6cf3b86f7aaae6a33c6ae8ee7d469133c4e2d,"{""b"":""magic"",""c"":""memory"",""d"":5,""gateset"":""cz"",""noise"":""si1000"",""p"":0.001,""patches"":64,""q"":3200,""r"":40,""yokes"":32}",
     82992,      1077,         0,  4119.4,pymatching,705462192e3814c058581cae41622034d428dd8c6858d12365c654b046c08da4,"{""b"":""magic"",""c"":""memory"",""d"":5,""gateset"":""cz"",""noise"":""si1000"",""p"":0.001,""patches"":64,""q"":3200,""r"":60,""yokes"":32}",
   1000000,       890,         0,100059.7,sparse_blossom_correlated,08b8eacd50ac1639e8d4defb8922d96e77858944bdc4ed77075e3f88984b71ef,"{""b"":""magic"",""c"":""memory"",""d"":5,""gateset"":""cz"",""noise"":""si1000"",""p"":0.001,""patches"":64,""q"":3200,""r"":60,""yokes"":32}",
   1000000,       225,         0,139354.6,sparse_blossom_correlated,92a67e3aaccb68baa107dd10b43fa368ca7e96731da7286e8b54a08ce005dfed,"{""b"":""magic"",""c"":""memory"",""d"":5,""gateset"":""cz"",""noise"":""si1000"",""p"":0.001,""patches"":256,""q"":12800,""r"":20,""yokes"":64}",
    329940,      1001,         0,282196.6,sparse_blossom_correlated,578b9d0029fef9d581f13d50e523a11a6977dbee9ff22271695b3611253f3c4a,"{""b"":""magic"",""c"":""memory"",""d"":5,""gateset"":""cz"",""noise"":""si1000"",""p"":0.001,""patches"":256,""q"":12800,""r"":40,""yokes"":64}",
   1000000,         0,         0,  1029.1,pymatching,820500de6650445e0989791e056b7dd0b5ce43be8fa11706c195f367e0e86856,"{""b"":""magic"",""c"":""memory"",""d"":6,""gateset"":""cz"",""noise"":""si1000"",""p"":0.001,""patches"":16,""q"":1152,""r"":24,""yokes"":16}",
   1000000,         0,         0,  4373.5,sparse_blossom_correlated,95e4746f0c0619a132f7e3dfe216f50088fec9b5b1303f862e54163ec0ff9924,"{""b"":""magic"",""c"":""memory"",""d"":6,""gateset"":""cz"",""noise"":""si1000"",""p"":0.001,""patches"":16,""q"":1152,""r"":24,""yokes"":16}",
   1000000,        14,         0,  3699.3,pymatching,d3b32b8e4ebc9fbf4bc77a374d1f400814a4cf2822a67ba995c4b644487412cf,"{""b"":""magic"",""c"":""memory"",""d"":6,""gateset"":""cz"",""noise"":""si1000"",""p"":0.001,""patches"":16,""q"":1152,""r"":48,""yokes"":16}",
   1000000,         0,         0,  9954.5,sparse_blossom_correlated,9525a60078da88b3a1d90438f5217a98e3359dcfa15cfae6d9c15889a179a098,"{""b"":""magic"",""c"":""memory"",""d"":6,""gateset"":""cz"",""noise"":""si1000"",""p"":0.001,""patches"":16,""q"":1152,""r"":48,""yokes"":16}",
   1000000,        61,         0,  8097.2,pymatching,b13a32b41c0bb100980f79c973d98e555b334cd831af62eda4c792d26c4ccc02,"{""b"":""magic"",""c"":""memory"",""d"":6,""gateset"":""cz"",""noise"":""si1000"",""p"":0.001,""patches"":16,""q"":1152,""r"":72,""yokes"":16}",
    610310,         0,         0, 13160.3,sparse_blossom_correlated,297e11665dfafffbd3ca551a71aef47642854c4a347768150fe8e8418f218bbc,"{""b"":""magic"",""c"":""memory"",""d"":6,""gateset"":""cz"",""noise"":""si1000"",""p"":0.001,""patches"":16,""q"":1152,""r"":72,""yokes"":16}",
  26968277,       500,         0,374611.1,pymatching,8bca795dc9466d1ef8228e8974cd3c932deef405711a78977fed78ce60325f2c,"{""b"":""magic"",""c"":""memory"",""d"":6,""gateset"":""cz"",""noise"":""si1000"",""p"":0.001,""patches"":64,""q"":4608,""r"":24,""yokes"":32}",
   1000000,         0,         0, 28201.6,sparse_blossom_correlated,aa7f73000910d1ccb19f5d35bba7cb8b174a8015abddc1790879bd6fb1764ba8,"{""b"":""magic"",""c"":""memory"",""d"":6,""gateset"":""cz"",""noise"":""si1000"",""p"":0.001,""patches"":64,""q"":4608,""r"":24,""yokes"":32}",
   1000000,       281,         0, 43809.9,pymatching,066cf73003168c7ce19bc6f1f7d4de59e16a4e8be9e7d7773042cbe64bd713d2,"{""b"":""magic"",""c"":""memory"",""d"":6,""gateset"":""cz"",""noise"":""si1000"",""p"":0.001,""patches"":64,""q"":4608,""r"":48,""yokes"":32}",
    129082,         1,         0, 37480.6,sparse_blossom_correlated,bbbe515ab97cf2d6109e18e6307b897fbecad816967a3709e7efe30fd21d1146,"{""b"":""magic"",""c"":""memory"",""d"":6,""gateset"":""cz"",""noise"":""si1000"",""p"":0.001,""patches"":64,""q"":4608,""r"":48,""yokes"":32}",
    797226,      1004,         0, 82315.8,pymatching,7c4c4472571662f46283e7e6cb40ecc33d20526ab41c2aeb47ebe74cd01e9183,"{""b"":""magic"",""c"":""memory"",""d"":6,""gateset"":""cz"",""noise"":""si1000"",""p"":0.001,""patches"":64,""q"":4608,""r"":72,""yokes"":32}",
         6,         0,         0,    86.9,sparse_blossom_correlated,8c1d037f5633809d8ffde64bc9201844716ebf98112582db3f4d924ba2175673,"{""b"":""magic"",""c"":""memory"",""d"":6,""gateset"":""cz"",""noise"":""si1000"",""p"":0.001,""patches"":64,""q"":4608,""r"":72,""yokes"":32}",
   1000000,        10,         0,236421.4,sparse_blossom_correlated,b2df0dce6687c8b3aacd3cda81f40042f56d5ce4485c7b4b97446eaf492ef05c,"{""b"":""magic"",""c"":""memory"",""d"":6,""gateset"":""cz"",""noise"":""si1000"",""p"":0.001,""patches"":256,""q"":18432,""r"":24,""yokes"":64}",
     10756,         3,         0,562429.7,sparse_blossom_correlated,dfaed692bd46e188c2cbc3a8e85f2ea63e2921ca9a6f5dc7d7bb3501af9fdde7,"{""b"":""magic"",""c"":""memory"",""d"":6,""gateset"":""cz"",""noise"":""si1000"",""p"":0.001,""patches"":256,""q"":18432,""r"":48,""yokes"":64}",
    370176,      1004,         0,   334.7,sparse_blossom_correlated,7e4b3405270c59558c0ce885fe47e2d1120947c37d402534705c090d4748ff2b,"{""b"":""magic"",""c"":""memory"",""d"":7,""gateset"":""cz"",""noise"":""si1000"",""p"":0.001,""patches"":4,""q"":392,""r"":28,""yokes"":0}",
    106439,      1005,         0,    31.9,pymatching,db098c69a2eb8b629a5be2fe4a5af13350c8e98d99364550716642d7412c345e,"{""b"":""magic"",""c"":""memory"",""d"":7,""gateset"":""cz"",""noise"":""si1000"",""p"":0.001,""patches"":4,""q"":392,""r"":28,""yokes"":0}",
     59197,      1046,         0,    41.4,pymatching,777d08b41f55babba23e83c108b7ea7ab35909a5c63ee939d79350e79f82efdd,"{""b"":""magic"",""c"":""memory"",""d"":7,""gateset"":""cz"",""noise"":""si1000"",""p"":0.001,""patches"":4,""q"":392,""r"":56,""yokes"":0}",
    188391,      1014,         0,   419.8,sparse_blossom_correlated,f739001a84842e5e7d29f27509893dd5e45e43e8232cddf7c5c0adbe5c8ba950,"{""b"":""magic"",""c"":""memory"",""d"":7,""gateset"":""cz"",""noise"":""si1000"",""p"":0.001,""patches"":4,""q"":392,""r"":56,""yokes"":0}",
  16410399,      1002,         0, 28150.5,sparse_blossom_correlated,c628981962c5ff230afaf58d0853ad5531cbf7bceb39535d4f23389b30c6c134,"{""b"":""magic"",""c"":""memory"",""d"":7,""gateset"":""cz"",""noise"":""si1000"",""p"":0.001,""patches"":5,""q"":490,""r"":28,""yokes"":1}",
   2232557,      1011,         0,  1216.0,pymatching,39bffd4c1eee0886eefd0c1721e0a60293b5e451d439efbf862795272454ac52,"{""b"":""magic"",""c"":""memory"",""d"":7,""gateset"":""cz"",""noise"":""si1000"",""p"":0.001,""patches"":5,""q"":490,""r"":28,""yokes"":1}",
   4741051,      1014,         0, 29423.4,sparse_blossom_correlated,47f4da4a91b6d040393ad80bdad9d38527c721de9798af64d23a17c1328c87de,"{""b"":""magic"",""c"":""memory"",""d"":7,""gateset"":""cz"",""noise"":""si1000"",""p"":0.001,""patches"":5,""q"":490,""r"":56,""yokes"":1}",
    518400,       865,         0,  1156.1,pymatching,f73bef21c3f340fa0c7ab2377691356e1b2d568b8e369f6e27302d4aa7ab87d0,"{""b"":""magic"",""c"":""memory"",""d"":7,""gateset"":""cz"",""noise"":""si1000"",""p"":0.001,""patches"":5,""q"":490,""r"":56,""yokes"":1}",
  38466464,      1015,         0, 72861.4,sparse_blossom_correlated,fb8d97aeef98d91f10254c45ac9a47619fde4fe888346d3ae23fc2ec84af1c4f,"{""b"":""magic"",""c"":""memory"",""d"":7,""gateset"":""cz"",""noise"":""si1000"",""p"":0.001,""patches"":6,""q"":588,""r"":28,""yokes"":2}",
   3629709,      1013,         0,  1911.9,pymatching,0b9413d908677c364dec64f7165b6136700f52ec531b4ceda1399ffaeef49d43,"{""b"":""magic"",""c"":""memory"",""d"":7,""gateset"":""cz"",""noise"":""si1000"",""p"":0.001,""patches"":6,""q"":588,""r"":28,""yokes"":2}",
   9694134,      1033,         0, 56686.2,sparse_blossom_correlated,134d80fdd884834e8960eb38d3c72c8e21ccfc7433d869a9423dee1d5ebf2bea,"{""b"":""magic"",""c"":""memory"",""d"":7,""gateset"":""cz"",""noise"":""si1000"",""p"":0.001,""patches"":6,""q"":588,""r"":56,""yokes"":2}",
     86400,       108,         0,   173.3,pymatching,04485f464f4a0b3b74ecbf26b95bae7863135e37515ab232c2b1daba04b7d5d5,"{""b"":""magic"",""c"":""memory"",""d"":7,""gateset"":""cz"",""noise"":""si1000"",""p"":0.001,""patches"":6,""q"":588,""r"":56,""yokes"":2}",
    188198,      1000,         0,   251.6,sparse_blossom_correlated,8649f8e706d6b66661c4b6ca31dbd572361327b659419fb16ce76915b7b7cc7e,"{""b"":""magic"",""c"":""memory"",""d"":7,""gateset"":""cz"",""noise"":""si1000"",""p"":0.001,""patches"":8,""q"":784,""r"":28,""yokes"":0}",
     95399,      1033,         0,   354.7,sparse_blossom_correlated,addf1a1b7a3f455807c139eb13185d2ff04a59f5f19fc2d7eb832b04f77b2e21,"{""b"":""magic"",""c"":""memory"",""d"":7,""gateset"":""cz"",""noise"":""si1000"",""p"":0.001,""patches"":8,""q"":784,""r"":56,""yokes"":0}",
   6377773,      1104,         0, 22997.1,sparse_blossom_correlated,92fd909deb07856cec1ad87ad73f0cfedabca8b6107b4eb649d6f8031b80308f,"{""b"":""magic"",""c"":""memory"",""d"":7,""gateset"":""cz"",""noise"":""si1000"",""p"":0.001,""patches"":9,""q"":882,""r"":28,""yokes"":1}",
   1754207,      1028,         0, 37203.5,sparse_blossom_correlated,a25e99859800c5c43c13e062d0f498695cad41007dd38c172ce45cd06959e042,"{""b"":""magic"",""c"":""memory"",""d"":7,""gateset"":""cz"",""noise"":""si1000"",""p"":0.001,""patches"":9,""q"":882,""r"":56,""yokes"":1}",
  13969360,      1044,         0, 40915.0,sparse_blossom_correlated,5560799b32e15496702c97b191161494d438aa3347032bd496da3588f2a5e9d6,"{""b"":""magic"",""c"":""memory"",""d"":7,""gateset"":""cz"",""noise"":""si1000"",""p"":0.001,""patches"":10,""q"":980,""r"":28,""yokes"":2}",
   3367533,      1013,         0, 42846.2,sparse_blossom_correlated,25b89114162a11f32a4f838462e3ad5ed2b9108784e07cf6c66c464cf49a32f4,"{""b"":""magic"",""c"":""memory"",""d"":7,""gateset"":""cz"",""noise"":""si1000"",""p"":0.001,""patches"":10,""q"":980,""r"":56,""yokes"":2}",
   1000000,         0,         0,  2074.4,pymatching,97739c238f90bdcc8c1ca8c08362e5751cec804fa6f1d0f85ecee0479bbc6ad4,"{""b"":""magic"",""c"":""memory"",""d"":7,""gateset"":""cz"",""noise"":""si1000"",""p"":0.001,""patches"":16,""q"":1568,""r"":28,""yokes"":16}",
    757420,         0,         0,  3788.4,sparse_blossom_correlated,67979e41f11f4aca034f2a59339b59e9b8cbae783f4482f8132f5c9144418723,"{""b"":""magic"",""c"":""memory"",""d"":7,""gateset"":""cz"",""noise"":""si1000"",""p"":0.001,""patches"":16,""q"":1568,""r"":28,""yokes"":16}",
   1000000,         1,         0,  7392.3,pymatching,f5a58f6e379b0c08dd6aec1107c9ec4d129078704660ba092f6bf9e71c509244,"{""b"":""magic"",""c"":""memory"",""d"":7,""gateset"":""cz"",""noise"":""si1000"",""p"":0.001,""patches"":16,""q"":1568,""r"":56,""yokes"":16}",
       108,         0,         0,    53.9,sparse_blossom_correlated,89fb8a8116f6ce245cd34caed0c13c5eefa2a720448525b85ea7efa8c24313bf,"{""b"":""magic"",""c"":""memory"",""d"":7,""gateset"":""cz"",""noise"":""si1000"",""p"":0.001,""patches"":16,""q"":1568,""r"":56,""yokes"":16}",
   1000000,         2,         0, 16524.2,pymatching,7d84a6ec82106684d5cf4f277374e41264e1cb59f91094562adb5779faa1acf7,"{""b"":""magic"",""c"":""memory"",""d"":7,""gateset"":""cz"",""noise"":""si1000"",""p"":0.001,""patches"":16,""q"":1568,""r"":84,""yokes"":16}",
         1,         0,         0,    9.05,sparse_blossom_correlated,f1ebe8de4f18603cddbb2768431b8e45c2ddf300e0ed989e9c604e12bb04dbab,"{""b"":""magic"",""c"":""memory"",""d"":7,""gateset"":""cz"",""noise"":""si1000"",""p"":0.001,""patches"":16,""q"":1568,""r"":84,""yokes"":16}",
  42232730,        66,         0,1071773.8,pymatching,7db3f5cf9a7cdc745eb1746a2c845e0be3292d1813c9efda9d4efc665348f89b,"{""b"":""magic"",""c"":""memory"",""d"":7,""gateset"":""cz"",""noise"":""si1000"",""p"":0.001,""patches"":64,""q"":6272,""r"":28,""yokes"":32}",
         6,         0,         0,    51.0,sparse_blossom_correlated,ef0b4cd4077a5d042c67030922cc14ad9b6b32fe78df36c01f42b8a1aaa2c385,"{""b"":""magic"",""c"":""memory"",""d"":7,""gateset"":""cz"",""noise"":""si1000"",""p"":0.001,""patches"":64,""q"":6272,""r"":28,""yokes"":32}",
   1000000,        26,         0, 94704.1,pymatching,46f3e319b249c642580bfbf1c4da6a6e529ef3cf4dd669fce408cb3e931d88de,"{""b"":""magic"",""c"":""memory"",""d"":7,""gateset"":""cz"",""noise"":""si1000"",""p"":0.001,""patches"":64,""q"":6272,""r"":56,""yokes"":32}",
   1000000,        95,         0,287883.1,pymatching,60ec0d6bf46f8b14e5e13b1045f4547cbfcc608861457d658dc6da748281cf8b,"{""b"":""magic"",""c"":""memory"",""d"":7,""gateset"":""cz"",""noise"":""si1000"",""p"":0.001,""patches"":64,""q"":6272,""r"":84,""yokes"":32}",
   1000000,         0,         0,  3798.8,pymatching,8779efdceaf598d5ff17f55eb2dcbaba64cb075de1f91be0b59f7f28a110fc8c,"{""b"":""magic"",""c"":""memory"",""d"":8,""gateset"":""cz"",""noise"":""si1000"",""p"":0.001,""patches"":16,""q"":2048,""r"":32,""yokes"":16}",
      5032,         0,         0,   166.8,sparse_blossom_correlated,f0673e6594d7a3af4379f7327610c8d2217701dc4287855702e899d5823f5a5d,"{""b"":""magic"",""c"":""memory"",""d"":8,""gateset"":""cz"",""noise"":""si1000"",""p"":0.001,""patches"":16,""q"":2048,""r"":32,""yokes"":16}",
   1000000,         0,         0, 13764.5,pymatching,52b20a6fcfceb60c6dba6bafd8c7174bee5561a5bbc9655185637ec307f081eb,"{""b"":""magic"",""c"":""memory"",""d"":8,""gateset"":""cz"",""noise"":""si1000"",""p"":0.001,""patches"":16,""q"":2048,""r"":64,""yokes"":16}",
         1,         0,         0,    9.00,sparse_blossom_correlated,74939be314e5d0047ea3332ad4227460ccbb1eb723497b4be1e9611cd8742c2c,"{""b"":""magic"",""c"":""memory"",""d"":8,""gateset"":""cz"",""noise"":""si1000"",""p"":0.001,""patches"":16,""q"":2048,""r"":64,""yokes"":16}",
   1000000,         0,         0, 30197.9,pymatching,8ba3f21f8b7750ed28b8d31871cbc75eed30eb5c7de76b662a9e35f8aa0610c6,"{""b"":""magic"",""c"":""memory"",""d"":8,""gateset"":""cz"",""noise"":""si1000"",""p"":0.001,""patches"":16,""q"":2048,""r"":96,""yokes"":16}",
   1000000,         0,         0, 42563.6,pymatching,b84d5c993e2ab92d7c3578c58d6195d6bf058095f0e239db925d01bec8142e44,"{""b"":""magic"",""c"":""memory"",""d"":8,""gateset"":""cz"",""noise"":""si1000"",""p"":0.001,""patches"":64,""q"":8192,""r"":32,""yokes"":32}",
   1000000,         3,         0,178575.6,pymatching,f55550e54d97a25f612af8d66efe083fe14acc3459ee49dfc796f86382e19bbc,"{""b"":""magic"",""c"":""memory"",""d"":8,""gateset"":""cz"",""noise"":""si1000"",""p"":0.001,""patches"":64,""q"":8192,""r"":64,""yokes"":32}",
    744000,         4,         0,540745.3,pymatching,20fe7dc52c3fe434399e661bf2bf6d6535d235b1e40e453334be4c1e6c166996,"{""b"":""magic"",""c"":""memory"",""d"":8,""gateset"":""cz"",""noise"":""si1000"",""p"":0.001,""patches"":64,""q"":8192,""r"":96,""yokes"":32}",
   2625088,      1001,         0,  5991.9,sparse_blossom_correlated,db974ca852c9b3c08ccb7dd96012194b85d3bc9a876c508668c002380302d304,"{""b"":""magic"",""c"":""memory"",""d"":9,""gateset"":""cz"",""noise"":""si1000"",""p"":0.001,""patches"":4,""q"":648,""r"":36,""yokes"":0}",
    539376,      1066,         0,   302.0,pymatching,da316f616cad474ab24f2285095999948b2dfa82ef1400c0eb75a205eb70b736,"{""b"":""magic"",""c"":""memory"",""d"":9,""gateset"":""cz"",""noise"":""si1000"",""p"":0.001,""patches"":4,""q"":648,""r"":36,""yokes"":0}",
   1316644,      1052,         0,  7421.2,sparse_blossom_correlated,09823706ec793e063d68b697f4b02bcba64b64ef4e6050fa9b2687111f1db1d3,"{""b"":""magic"",""c"":""memory"",""d"":9,""gateset"":""cz"",""noise"":""si1000"",""p"":0.001,""patches"":4,""q"":648,""r"":72,""yokes"":0}",
 100000000,       187,         0,522094.1,sparse_blossom_correlated,7d89e3c0af4729f8c8186c7894ca626c5c47601f697026be786518a8da12c26e,"{""b"":""magic"",""c"":""memory"",""d"":9,""gateset"":""cz"",""noise"":""si1000"",""p"":0.001,""patches"":5,""q"":810,""r"":36,""yokes"":1}",
      1800,         0,         0,    8.72,pymatching,b65c9869984af2ebf992eab0420b077e2f50e0ba702496c9bb4f52d52e54e382,"{""b"":""magic"",""c"":""memory"",""d"":9,""gateset"":""cz"",""noise"":""si1000"",""p"":0.001,""patches"":5,""q"":810,""r"":36,""yokes"":1}",
 100000000,       620,         0,2259356.2,sparse_blossom_correlated,a79e20ee65e72296b2bcacb144c1c971176e99b4d14b754158769bd18e59bc70,"{""b"":""magic"",""c"":""memory"",""d"":9,""gateset"":""cz"",""noise"":""si1000"",""p"":0.001,""patches"":5,""q"":810,""r"":72,""yokes"":1}",
 100000000,        68,         0,547439.8,sparse_blossom_correlated,0bf3737f90b88e78c50407d13239e4acc650748e41c86ee54f0789a504a3b41a,"{""b"":""magic"",""c"":""memory"",""d"":9,""gateset"":""cz"",""noise"":""si1000"",""p"":0.001,""patches"":6,""q"":972,""r"":36,""yokes"":2}",
       100,         0,         0,    1.47,pymatching,40466194a25c909584d1dc9d46af184e105a550cc8578b4d4a61bac084185b82,"{""b"":""magic"",""c"":""memory"",""d"":9,""gateset"":""cz"",""noise"":""si1000"",""p"":0.001,""patches"":6,""q"":972,""r"":36,""yokes"":2}",
 100000000,       266,         0,1920192.4,sparse_blossom_correlated,b4d46c2253f0b80faaff1623611f86b925d76d292ffd922145e2df9ce8db284f,"{""b"":""magic"",""c"":""memory"",""d"":9,""gateset"":""cz"",""noise"":""si1000"",""p"":0.001,""patches"":6,""q"":972,""r"":72,""yokes"":2}",
   1263225,      1010,         0,  4735.8,sparse_blossom_correlated,15d3a6189959c7bbcdcdff560dd209c77581f180adb5ab47d7949cdbbb1c48ce,"{""b"":""magic"",""c"":""memory"",""d"":9,""gateset"":""cz"",""noise"":""si1000"",""p"":0.001,""patches"":8,""q"":1296,""r"":36,""yokes"":0}",
    629161,      1027,         0,  6489.2,sparse_blossom_correlated,54cc89addc8170e1db52c2f025c61b8382f684af537254282a5869a0605be587,"{""b"":""magic"",""c"":""memory"",""d"":9,""gateset"":""cz"",""noise"":""si1000"",""p"":0.001,""patches"":8,""q"":1296,""r"":72,""yokes"":0}",
  11926600,        42,         0,180529.5,sparse_blossom_correlated,88e46fc57fc85a1c8143adf4fc35ded03e3939e26477566ee5b9d60a1f34e1bc,"{""b"":""magic"",""c"":""memory"",""d"":9,""gateset"":""cz"",""noise"":""si1000"",""p"":0.001,""patches"":9,""q"":1458,""r"":36,""yokes"":1}",
  10000000,       169,         0,1005541.6,sparse_blossom_correlated,df42634f267f21f19fd21f2e8b3e7e57e9319358f53f116d810b2e94884efcf7,"{""b"":""magic"",""c"":""memory"",""d"":9,""gateset"":""cz"",""noise"":""si1000"",""p"":0.001,""patches"":9,""q"":1458,""r"":72,""yokes"":1}",
  10079185,        18,         0,106866.9,sparse_blossom_correlated,93ef0ea25a54913c22cf8e99bd65ca4f6620d5b45ab99a54093de079fb18e026,"{""b"":""magic"",""c"":""memory"",""d"":9,""gateset"":""cz"",""noise"":""si1000"",""p"":0.001,""patches"":10,""q"":1620,""r"":36,""yokes"":2}",
  10000000,        76,         0,530058.7,sparse_blossom_correlated,9d2e46bbb8cb69b03c262f37e7507b1f6f58e59b20cf83a25a4ad436bc96f024,"{""b"":""magic"",""c"":""memory"",""d"":9,""gateset"":""cz"",""noise"":""si1000"",""p"":0.001,""patches"":10,""q"":1620,""r"":72,""yokes"":2}",
    130663,         0,         0, 10337.4,pymatching,0c6cd3bc0426b67f1ff442f888a4b409d883877bde7a88161ee0010e1605b074,"{""b"":""magic"",""c"":""memory"",""d"":9,""gateset"":""cz"",""noise"":""si1000"",""p"":0.001,""patches"":64,""q"":10368,""r"":36,""yokes"":32}",
  18423166,      1019,         0,105874.7,sparse_blossom_correlated,90e9f0a3a586a6325a87858de5024c1a4644431016ce6bf5b817379f56453d5d,"{""b"":""magic"",""c"":""memory"",""d"":11,""gateset"":""cz"",""noise"":""si1000"",""p"":0.001,""patches"":4,""q"":968,""r"":44,""yokes"":0}",
   9016050,      1010,         0,136214.2,sparse_blossom_correlated,b99030de339df789e554b8ff33661420964f3058ff4376486fe5923ab59b2469,"{""b"":""magic"",""c"":""memory"",""d"":11,""gateset"":""cz"",""noise"":""si1000"",""p"":0.001,""patches"":4,""q"":968,""r"":88,""yokes"":0}",
 100000000,         4,         0,1514456.6,sparse_blossom_correlated,bbd0b86086eed163ceac074c874aa3c04c70a8dfd8c6cbdd3ae6a93d2059ebab,"{""b"":""magic"",""c"":""memory"",""d"":11,""gateset"":""cz"",""noise"":""si1000"",""p"":0.001,""patches"":5,""q"":1210,""r"":44,""yokes"":1}",
 100000000,        19,         0,7778924.1,sparse_blossom_correlated,fef1a3bf4df3a00bed90ca1081e7b878bb5b8194a0153bb89cb86953460dcc61,"{""b"":""magic"",""c"":""memory"",""d"":11,""gateset"":""cz"",""noise"":""si1000"",""p"":0.001,""patches"":5,""q"":1210,""r"":88,""yokes"":1}",
 100000000,         1,         0,1388649.3,sparse_blossom_correlated,9a51e00f5a5c7a756012b4f921825c91881f721a753b98b2a838f9fdb028501e,"{""b"":""magic"",""c"":""memory"",""d"":11,""gateset"":""cz"",""noise"":""si1000"",""p"":0.001,""patches"":6,""q"":1452,""r"":44,""yokes"":2}",
 100000000,         5,         0,5163780.8,sparse_blossom_correlated,ac7c6853b24a8e3bb4a44cc19e18ff0a67237d2c99aeda7f8c72f4ddfbe40896,"{""b"":""magic"",""c"":""memory"",""d"":11,""gateset"":""cz"",""noise"":""si1000"",""p"":0.001,""patches"":6,""q"":1452,""r"":88,""yokes"":2}",
  10000000,      1003,         0,102526.6,sparse_blossom_correlated,e03718ee3e1888027929b44fa47b5c7f5ab86bd608fdbbedd95d726b0980c40a,"{""b"":""magic"",""c"":""memory"",""d"":11,""gateset"":""cz"",""noise"":""si1000"",""p"":0.001,""patches"":8,""q"":1936,""r"":44,""yokes"":0}",
   4649135,      1004,         0,125724.1,sparse_blossom_correlated,574625242f982ee053d78f7cb6cdbebfc965e7389cde4db059b67474607c6f35,"{""b"":""magic"",""c"":""memory"",""d"":11,""gateset"":""cz"",""noise"":""si1000"",""p"":0.001,""patches"":8,""q"":1936,""r"":88,""yokes"":0}",
 100000000,        12,         0,5056688.6,sparse_blossom_correlated,b53a488b652a47d3b2b720789a8b3dd7f8ad707ff0c2216721dcad640ebd2bbe,"{""b"":""magic"",""c"":""memory"",""d"":11,""gateset"":""cz"",""noise"":""si1000"",""p"":0.001,""patches"":9,""q"":2178,""r"":44,""yokes"":1}",
 100000000,        36,         0,30289197.3,sparse_blossom_correlated,2a5617ddffce228d745b483dceca38c48674f2eec4ad13e87f5d78aa8b40ceec,"{""b"":""magic"",""c"":""memory"",""d"":11,""gateset"":""cz"",""noise"":""si1000"",""p"":0.001,""patches"":9,""q"":2178,""r"":88,""yokes"":1}",
 100000000,         4,         0,3152668.7,sparse_blossom_correlated,b67848e25a7c705fd313410c90dc34103b1cb5928811dd480cb45ba7e85f56c4,"{""b"":""magic"",""c"":""memory"",""d"":11,""gateset"":""cz"",""noise"":""si1000"",""p"":0.001,""patches"":10,""q"":2420,""r"":44,""yokes"":2}",
 100000000,        16,         0,16371195.4,sparse_blossom_correlated,d82daef629252b6569c4a69adf936c57eb0d29987564a62905dcb13a554531fd,"{""b"":""magic"",""c"":""memory"",""d"":11,""gateset"":""cz"",""noise"":""si1000"",""p"":0.001,""patches"":10,""q"":2420,""r"":88,""yokes"":2}",
 100000000,       693,         0,1090682.5,sparse_blossom_correlated,37295237a498400e5e38bf0dde4716a2f8a2114233287a33e6fd32aa1a7cb778,"{""b"":""magic"",""c"":""memory"",""d"":13,""gateset"":""cz"",""noise"":""si1000"",""p"":0.001,""patches"":4,""q"":1352,""r"":52,""yokes"":0}",
   4709530,       428,         0, 13214.3,pymatching,2522a58dad3b74142cb6321954b6d7c9bc3b37686646b500dadef4f7af3fe515,"{""b"":""magic"",""c"":""memory"",""d"":13,""gateset"":""cz"",""noise"":""si1000"",""p"":0.001,""patches"":4,""q"":1352,""r"":52,""yokes"":0}",
  67538227,      1004,         0,2177850.4,sparse_blossom_correlated,0c45df3903b9d2b6fd47be0af0606f62dac4c360ea9b827b2f267d7d18f4776b,"{""b"":""magic"",""c"":""memory"",""d"":13,""gateset"":""cz"",""noise"":""si1000"",""p"":0.001,""patches"":4,""q"":1352,""r"":104,""yokes"":0}",
   5133281,      1003,         0, 52459.8,pymatching,857f4f155cfde855e43cea5b709fcaeaca9db9c41efce162ed285cef4b38d66e,"{""b"":""magic"",""c"":""memory"",""d"":13,""gateset"":""cz"",""noise"":""si1000"",""p"":0.001,""patches"":4,""q"":1352,""r"":104,""yokes"":0}",
 100000000,         0,         0,3254591.9,sparse_blossom_correlated,473abd44cc36df0c123ed4095232fdef2a015f9bde7394d609c2ba1bd85bddaf,"{""b"":""magic"",""c"":""memory"",""d"":13,""gateset"":""cz"",""noise"":""si1000"",""p"":0.001,""patches"":5,""q"":1690,""r"":52,""yokes"":1}",
     16363,         0,         0,   233.2,pymatching,8b2b5c5f10780df7088b2375071bd622e9c36d70eb0820ac42fda5825771f30c,"{""b"":""magic"",""c"":""memory"",""d"":13,""gateset"":""cz"",""noise"":""si1000"",""p"":0.001,""patches"":5,""q"":1690,""r"":52,""yokes"":1}",
 100000000,         1,         0,26718625.3,sparse_blossom_correlated,228d02958e300cea2d197fb4fe40bc9df22520d23b4ef49836aaff8142535fe7,"{""b"":""magic"",""c"":""memory"",""d"":13,""gateset"":""cz"",""noise"":""si1000"",""p"":0.001,""patches"":5,""q"":1690,""r"":104,""yokes"":1}",
  10000000,         3,         0,1179664.0,pymatching,ddcc5121cb213c8eeeda41edaf59c39f86e9a190d67c60d86729639da6a63544,"{""b"":""magic"",""c"":""memory"",""d"":13,""gateset"":""cz"",""noise"":""si1000"",""p"":0.001,""patches"":5,""q"":1690,""r"":104,""yokes"":1}",
 100000000,         0,         0,2858523.2,sparse_blossom_correlated,2190b26beb904af9d7050f34ab2fd481da7ee9b53b47b1bea811ebdeac550684,"{""b"":""magic"",""c"":""memory"",""d"":13,""gateset"":""cz"",""noise"":""si1000"",""p"":0.001,""patches"":6,""q"":2028,""r"":52,""yokes"":2}",
     18219,         0,         0,   248.5,pymatching,25c78c81e017c968d0484a525d516ea7f1b71899f8ebe4aec2a8e0614a2ec137,"{""b"":""magic"",""c"":""memory"",""d"":13,""gateset"":""cz"",""noise"":""si1000"",""p"":0.001,""patches"":6,""q"":2028,""r"":52,""yokes"":2}",
 100000000,         0,         0,15414725.2,sparse_blossom_correlated,570622570b7994ff3354618934a60665e504e5d520a65d5f2010ec88b64032f4,"{""b"":""magic"",""c"":""memory"",""d"":13,""gateset"":""cz"",""noise"":""si1000"",""p"":0.001,""patches"":6,""q"":2028,""r"":104,""yokes"":2}",
  10000000,         0,         0,574631.1,pymatching,1562727d69422f8f267d7145b786e084115286cb5f859803a16adaa4db3520f4,"{""b"":""magic"",""c"":""memory"",""d"":13,""gateset"":""cz"",""noise"":""si1000"",""p"":0.001,""patches"":6,""q"":2028,""r"":104,""yokes"":2}",
  10011586,       168,         0,207337.6,sparse_blossom_correlated,6bebe0cf08fa658a536f945a4e292bb76d04142780cb3b0e3df11c80b8a4ff73,"{""b"":""magic"",""c"":""memory"",""d"":13,""gateset"":""cz"",""noise"":""si1000"",""p"":0.001,""patches"":8,""q"":2704,""r"":52,""yokes"":0}",
  10004218,       296,         0,569084.8,sparse_blossom_correlated,02df1707434f182bf08166c0d2cdd3846f5be227dd0e4fd7b1ac238d618690bf,"{""b"":""magic"",""c"":""memory"",""d"":13,""gateset"":""cz"",""noise"":""si1000"",""p"":0.001,""patches"":8,""q"":2704,""r"":104,""yokes"":0}",
  10000000,         1,         0,1313073.8,sparse_blossom_correlated,400bf84410f7be33d0d1a33b73b7d74dc739ff6ea99cfb5e38c05f8115268ba2,"{""b"":""magic"",""c"":""memory"",""d"":13,""gateset"":""cz"",""noise"":""si1000"",""p"":0.001,""patches"":9,""q"":3042,""r"":52,""yokes"":1}",
  10000000,         0,         0,9456420.0,sparse_blossom_correlated,696420c820d90c79f275ccb01a819f1c7c0b6baf883b61269fe1b1955ff91e7f,"{""b"":""magic"",""c"":""memory"",""d"":13,""gateset"":""cz"",""noise"":""si1000"",""p"":0.001,""patches"":9,""q"":3042,""r"":104,""yokes"":1}",
  10001716,         0,         0,699053.9,sparse_blossom_correlated,ae07de9a6c65f99f97b6142e977b43bbc5f0d9c823c4b3ce31b7fc6059529c74,"{""b"":""magic"",""c"":""memory"",""d"":13,""gateset"":""cz"",""noise"":""si1000"",""p"":0.001,""patches"":10,""q"":3380,""r"":52,""yokes"":2}",
  88720828,         1,         0,38408535.7,sparse_blossom_correlated,1b082fa514161e92123bf962429b8f59dc5be28ea51e3b70866b3902bb920d8b,"{""b"":""magic"",""c"":""memory"",""d"":13,""gateset"":""cz"",""noise"":""si1000"",""p"":0.001,""patches"":10,""q"":3380,""r"":104,""yokes"":2}",
 258388246,    390592,         0,  6377.7,fizzle_uncorrelated,599a85b7e32239a6cf9d81462448b2eed97268dc089062415459bff13058b24f,"{""b"":""magic"",""c"":""patch_rotation"",""collect"":""bias"",""d"":5,""gateset"":""cz"",""noise"":""si1000"",""p"":0.0005,""q"":94,""r"":20,""r_pad"":5,""r_step"":5}","{""obs_mistake_mask=EE"":1042,""obs_mistake_mask=E_"":198344,""obs_mistake_mask=_E"":191206}"
 342320822,    478148,         0, 10986.0,pymatching,de97aa87f1c79ec47df818dfe86971b3297f01b17d4a506be6f02a9e4aad586c,"{""b"":""magic"",""c"":""patch_rotation"",""collect"":""bias"",""d"":5,""gateset"":""cz"",""noise"":""si1000"",""p"":0.0005,""q"":94,""r"":20,""r_pad"":5,""r_step"":5}","{""obs_mistake_mask=EE"":1015,""obs_mistake_mask=E_"":242881,""obs_mistake_mask=_E"":234252}"
   4526648,      2738,         0,   347.2,sparse_blossom_correlated,514b19f9afaca67dce51e775d77f3be5ca2e38d5845bb54cf13691acd534285f,"{""b"":""magic"",""c"":""patch_rotation"",""collect"":""bias"",""d"":5,""gateset"":""cz"",""noise"":""si1000"",""p"":0.0005,""q"":94,""r"":20,""r_pad"":5,""r_step"":5}","{""obs_mistake_mask=EE"":11,""obs_mistake_mask=E_"":1408,""obs_mistake_mask=_E"":1319}"
  11167885,    128727,         0,   453.2,fizzle_uncorrelated,a4f9095ed79b1b28aed4f3b167cdc67c3d50eeff4a1f694e0cee2dafa5d66dbd,"{""b"":""magic"",""c"":""patch_rotation"",""collect"":""bias"",""d"":5,""gateset"":""cz"",""noise"":""si1000"",""p"":0.001,""q"":94,""r"":20,""r_pad"":5,""r_step"":5}","{""obs_mistake_mask=EE"":1003,""obs_mistake_mask=E_"":64948,""obs_mistake_mask=_E"":62776}"
  13527694,    144354,         0,   615.5,pymatching,0f0cd73ce57890fc43845b4cb5cb2585ae7a4c5e3b7ef8503ad5d8af863fb11d,"{""b"":""magic"",""c"":""patch_rotation"",""collect"":""bias"",""d"":5,""gateset"":""cz"",""noise"":""si1000"",""p"":0.001,""q"":94,""r"":20,""r_pad"":5,""r_step"":5}","{""obs_mistake_mask=EE"":1002,""obs_mistake_mask=E_"":73248,""obs_mistake_mask=_E"":70104}"
  26897234,    131017,         0,  1586.7,sparse_blossom_correlated,57fdbf197b6567bc2d8ec423aaf84dde661511501e6e1b244b0eba5426ea53e6,"{""b"":""magic"",""c"":""patch_rotation"",""collect"":""bias"",""d"":5,""gateset"":""cz"",""noise"":""si1000"",""p"":0.001,""q"":94,""r"":20,""r_pad"":5,""r_step"":5}","{""obs_mistake_mask=EE"":1004,""obs_mistake_mask=E_"":65898,""obs_mistake_mask=_E"":64115}"
    356125,     29480,         0,    15.2,fizzle_uncorrelated,5ca88c71fa425bff30c0a6d4b36f6bfce04966c8a6b1d557328d009062d9a37f,"{""b"":""magic"",""c"":""patch_rotation"",""collect"":""bias"",""d"":5,""gateset"":""cz"",""noise"":""si1000"",""p"":0.002,""q"":94,""r"":20,""r_pad"":5,""r_step"":5}","{""obs_mistake_mask=EE"":1001,""obs_mistake_mask=E_"":14564,""obs_mistake_mask=_E"":13915}"
    453156,     34424,         0,    39.6,pymatching,f752529db4e81ffe4dbee3865d1bbf1aaf870820ba5c772953fa467c9dcd8455,"{""b"":""magic"",""c"":""patch_rotation"",""collect"":""bias"",""d"":5,""gateset"":""cz"",""noise"":""si1000"",""p"":0.002,""q"":94,""r"":20,""r_pad"":5,""r_step"":5}","{""obs_mistake_mask=EE"":1003,""obs_mistake_mask=E_"":16962,""obs_mistake_mask=_E"":16459}"
    201600,      8196,         0,   166.4,sparse_blossom_correlated,eed9bf5ee50e26ab2de9e32d8de3a5f453fa0147e106e1be9b600c35e44aed6b,"{""b"":""magic"",""c"":""patch_rotation"",""collect"":""bias"",""d"":5,""gateset"":""cz"",""noise"":""si1000"",""p"":0.002,""q"":94,""r"":20,""r_pad"":5,""r_step"":5}","{""obs_mistake_mask=EE"":191,""obs_mistake_mask=E_"":4116,""obs_mistake_mask=_E"":3889}"
 104594755,      1671,         0, 13653.6,pymatching,851ac0d4062cf25d18f45c0b475cc803dc3f8fc136d7a974c3060a490daca8d6,"{""b"":""magic"",""c"":""patch_rotation"",""collect"":""bias"",""d"":9,""gateset"":""cz"",""noise"":""si1000"",""p"":0.0005,""q"":314,""r"":36,""r_pad"":9,""r_step"":9}","{""obs_mistake_mask=E_"":847,""obs_mistake_mask=_E"":824}"
 114610276,      2187,         0, 11271.1,fizzle_uncorrelated,2c313a38b15933d1f4438d853dcb2d87fc1871b5f7a592e4e9039dec98cae8fb,"{""b"":""magic"",""c"":""patch_rotation"",""collect"":""bias"",""d"":9,""gateset"":""cz"",""noise"":""si1000"",""p"":0.0005,""q"":314,""r"":36,""r_pad"":9,""r_step"":9}","{""obs_mistake_mask=E_"":1177,""obs_mistake_mask=_E"":1010}"
 105147780,     74187,         0, 12047.6,fizzle_uncorrelated,f22868768941c182e0b8f2924ae6f5d47a2e82aaf87ca26e7fcfd811f2eaf0fd,"{""b"":""magic"",""c"":""patch_rotation"",""collect"":""bias"",""d"":9,""gateset"":""cz"",""noise"":""si1000"",""p"":0.001,""q"":314,""r"":36,""r_pad"":9,""r_step"":9}","{""obs_mistake_mask=EE"":34,""obs_mistake_mask=E_"":38205,""obs_mistake_mask=_E"":35948}"
 112125162,     65184,         0, 20945.1,pymatching,4b6b7d8447823b80cb78788b8f2029deb8a1dbbd34f53148d08c95b3a38c6f89,"{""b"":""magic"",""c"":""patch_rotation"",""collect"":""bias"",""d"":9,""gateset"":""cz"",""noise"":""si1000"",""p"":0.001,""q"":314,""r"":36,""r_pad"":9,""r_step"":9}","{""obs_mistake_mask=EE"":25,""obs_mistake_mask=E_"":33555,""obs_mistake_mask=_E"":31604}"
 101349640,     10016,         0, 44872.3,sparse_blossom_correlated,c8bfac4e5e8bd309c06c430c0459fbf6e8b059c05d4931ccacb717b3b79185f5,"{""b"":""magic"",""c"":""patch_rotation"",""collect"":""bias"",""d"":9,""gateset"":""cz"",""noise"":""si1000"",""p"":0.001,""q"":314,""r"":36,""r_pad"":9,""r_step"":9}","{""obs_mistake_mask=EE"":2,""obs_mistake_mask=E_"":5073,""obs_mistake_mask=_E"":4941}"
   4650763,    121112,         0,   832.0,fizzle_uncorrelated,2a8d1b31ee2d1c69c15dddf84480ddcf9a298fc9da0aecda1c21a9a53a716641,"{""b"":""magic"",""c"":""patch_rotation"",""collect"":""bias"",""d"":9,""gateset"":""cz"",""noise"":""si1000"",""p"":0.002,""q"":314,""r"":36,""r_pad"":9,""r_step"":9}","{""obs_mistake_mask=EE"":1033,""obs_mistake_mask=E_"":61370,""obs_mistake_mask=_E"":58709}"
   6414857,    133319,         0,  2020.9,pymatching,6f4a0543ace8155bd794d1fd2dff0b0a9c3538bdabb7ec446ea3ea8a337c10c0,"{""b"":""magic"",""c"":""patch_rotation"",""collect"":""bias"",""d"":9,""gateset"":""cz"",""noise"":""si1000"",""p"":0.002,""q"":314,""r"":36,""r_pad"":9,""r_step"":9}","{""obs_mistake_mask=EE"":1018,""obs_mistake_mask=E_"":67448,""obs_mistake_mask=_E"":64853}"
1000000000,       194,         0,478323.7,fizzle_uncorrelated,f51d93c8ba37331616bf89bdb78f2f58f1ac56d4c829e1b515f82f744a4b756b,"{""b"":""magic"",""c"":""patch_rotation"",""collect"":""bias"",""d"":13,""gateset"":""cz"",""noise"":""si1000"",""p"":0.0005,""q"":662,""r"":52,""r_pad"":13,""r_step"":13}","{""obs_mistake_mask=E_"":97,""obs_mistake_mask=_E"":97}"
1000000000,       130,         0,660144.1,pymatching,3d578de4b8a9eb504556a4831f84af3beb79b4a3f9d959f4d9e4ae7d6323c593,"{""b"":""magic"",""c"":""patch_rotation"",""collect"":""bias"",""d"":13,""gateset"":""cz"",""noise"":""si1000"",""p"":0.0005,""q"":662,""r"":52,""r_pad"":13,""r_step"":13}","{""obs_mistake_mask=E_"":73,""obs_mistake_mask=_E"":57}"
1000000000,         9,         0,873136.1,sparse_blossom_correlated,b585c525ef873559ff34e852449ade06630c4cdd789e37286c0940dd0187d959,"{""b"":""magic"",""c"":""patch_rotation"",""collect"":""bias"",""d"":13,""gateset"":""cz"",""noise"":""si1000"",""p"":0.0005,""q"":662,""r"":52,""r_pad"":13,""r_step"":13}","{""obs_mistake_mask=E_"":1,""obs_mistake_mask=_E"":8}"
1000000000,     33416,         0,578605.0,fizzle_uncorrelated,9ed0b1681a7dbd5d8067733de119d4f277283ff24202204259bc62c98a02eb47,"{""b"":""magic"",""c"":""patch_rotation"",""collect"":""bias"",""d"":13,""gateset"":""cz"",""noise"":""si1000"",""p"":0.001,""q"":662,""r"":52,""r_pad"":13,""r_step"":13}","{""obs_mistake_mask=E_"":17222,""obs_mistake_mask=_E"":16194}"
1000000000,     24773,         0,1040896.0,pymatching,2b40298c0c1f70f4e414baeae649fca74f08f82728533a31e3885e09ad8b24c6,"{""b"":""magic"",""c"":""patch_rotation"",""collect"":""bias"",""d"":13,""gateset"":""cz"",""noise"":""si1000"",""p"":0.001,""q"":662,""r"":52,""r_pad"":13,""r_step"":13}","{""obs_mistake_mask=EE"":1,""obs_mistake_mask=E_"":12693,""obs_mistake_mask=_E"":12079}"
1000000000,      1557,         0,1577561.0,sparse_blossom_correlated,fd58e188cd9d7831de189e16f39802c937cd63b6a660be7d7313504f140fac9d,"{""b"":""magic"",""c"":""patch_rotation"",""collect"":""bias"",""d"":13,""gateset"":""cz"",""noise"":""si1000"",""p"":0.001,""q"":662,""r"":52,""r_pad"":13,""r_step"":13}","{""obs_mistake_mask=EE"":1,""obs_mistake_mask=E_"":789,""obs_mistake_mask=_E"":767}"
  70043001,    472925,         0, 50708.6,fizzle_uncorrelated,275c40bc118560a7e4fcd6c085b752afa670d30f70f40348eebed52eae560768,"{""b"":""magic"",""c"":""patch_rotation"",""collect"":""bias"",""d"":13,""gateset"":""cz"",""noise"":""si1000"",""p"":0.002,""q"":662,""r"":52,""r_pad"":13,""r_step"":13}","{""obs_mistake_mask=EE"":1004,""obs_mistake_mask=E_"":241923,""obs_mistake_mask=_E"":229998}"
 150210515,    696353,         0,291041.6,pymatching,5bd3b0d9b72f4e516be18ae02b1ec7bac2c167311497b2a526243e6a54bbe4dd,"{""b"":""magic"",""c"":""patch_rotation"",""collect"":""bias"",""d"":13,""gateset"":""cz"",""noise"":""si1000"",""p"":0.002,""q"":662,""r"":52,""r_pad"":13,""r_step"":13}","{""obs_mistake_mask=EE"":1005,""obs_mistake_mask=E_"":356240,""obs_mistake_mask=_E"":339108}"
  45740320,     25303,         0,131934.9,sparse_blossom_correlated,a1c90c02e74e8e23dbca11579cbe68c4902bf9e2dbae60ca5014dfe3485a569e,"{""b"":""magic"",""c"":""patch_rotation"",""collect"":""bias"",""d"":13,""gateset"":""cz"",""noise"":""si1000"",""p"":0.002,""q"":662,""r"":52,""r_pad"":13,""r_step"":13}","{""obs_mistake_mask=EE"":8,""obs_mistake_mask=E_"":12894,""obs_mistake_mask=_E"":12401}"
 100000000,         0,         0,175649.8,pymatching,89412d6e05239931d460ecdc693048e80b6113304a9ee7c8f5e3e8d4ed5a619e,"{""b"":""magic"",""c"":""patch_rotation"",""collect"":""bias"",""d"":17,""gateset"":""cz"",""noise"":""si1000"",""p"":0.0005,""q"":1138,""r"":68,""r_pad"":17,""r_step"":17}",
 872973766,         0,         0,1443679.9,fizzle_uncorrelated,d3739b2b0c2c6e7cf4d1db4562f1b4c2c63b6ea5ff1a8a554e5ec9168307186e,"{""b"":""magic"",""c"":""patch_rotation"",""collect"":""bias"",""d"":17,""gateset"":""cz"",""noise"":""si1000"",""p"":0.0005,""q"":1138,""r"":68,""r_pad"":17,""r_step"":17}",
1000000000,      1479,         0,1095741.9,fizzle_uncorrelated,24c1aa7a230f97dd6955a24c4812764ac6b22855cefb25fc50eca06472a6439e,"{""b"":""magic"",""c"":""patch_rotation"",""collect"":""bias"",""d"":17,""gateset"":""cz"",""noise"":""si1000"",""p"":0.001,""q"":1138,""r"":68,""r_pad"":17,""r_step"":17}","{""obs_mistake_mask=E_"":749,""obs_mistake_mask=_E"":730}"
1000000000,       920,         0,2115464.6,pymatching,caa2e9874482c87cb83617496a82b1d1f3da6a6f0e3c592b17ff5fa2a23d404a,"{""b"":""magic"",""c"":""patch_rotation"",""collect"":""bias"",""d"":17,""gateset"":""cz"",""noise"":""si1000"",""p"":0.001,""q"":1138,""r"":68,""r_pad"":17,""r_step"":17}","{""obs_mistake_mask=E_"":470,""obs_mistake_mask=_E"":450}"
 127778236,         4,         0,801810.6,sparse_blossom_correlated,6f2d50d76b39413563edba4eceb4d5666909559d617bd206bdc54296fa20caad,"{""b"":""magic"",""c"":""patch_rotation"",""collect"":""bias"",""d"":17,""gateset"":""cz"",""noise"":""si1000"",""p"":0.001,""q"":1138,""r"":68,""r_pad"":17,""r_step"":17}","{""obs_mistake_mask=E_"":3,""obs_mistake_mask=_E"":1}"
 100000000,    161653,         0,266871.9,fizzle_uncorrelated,3b661a118fc8c1fbae3728a3c0209ea71112ff1d8b062c5da15f4fbdb1d67510,"{""b"":""magic"",""c"":""patch_rotation"",""collect"":""bias"",""d"":17,""gateset"":""cz"",""noise"":""si1000"",""p"":0.002,""q"":1138,""r"":68,""r_pad"":17,""r_step"":17}","{""obs_mistake_mask=EE"":87,""obs_mistake_mask=E_"":82795,""obs_mistake_mask=_E"":78771}"
 100000000,     93739,         0,614315.3,pymatching,e415bf78e41a157348da6ef4a461b783b68cc3e056695b38e98536404fbcd582,"{""b"":""magic"",""c"":""patch_rotation"",""collect"":""bias"",""d"":17,""gateset"":""cz"",""noise"":""si1000"",""p"":0.002,""q"":1138,""r"":68,""r_pad"":17,""r_step"":17}","{""obs_mistake_mask=EE"":22,""obs_mistake_mask=E_"":48287,""obs_mistake_mask=_E"":45430}"
